-- MySQL dump 10.13  Distrib 5.6.39, for Linux (x86_64)
--
-- Host: localhost    Database: discord
-- ------------------------------------------------------
-- Server version	5.6.39

/*!40101 SET @OLD_CHARACTER_SET_CLIENT=@@CHARACTER_SET_CLIENT */;
/*!40101 SET @OLD_CHARACTER_SET_RESULTS=@@CHARACTER_SET_RESULTS */;
/*!40101 SET @OLD_COLLATION_CONNECTION=@@COLLATION_CONNECTION */;
/*!40101 SET NAMES utf8 */;
/*!40103 SET @OLD_TIME_ZONE=@@TIME_ZONE */;
/*!40103 SET TIME_ZONE='+00:00' */;
/*!40014 SET @OLD_UNIQUE_CHECKS=@@UNIQUE_CHECKS, UNIQUE_CHECKS=0 */;
/*!40014 SET @OLD_FOREIGN_KEY_CHECKS=@@FOREIGN_KEY_CHECKS, FOREIGN_KEY_CHECKS=0 */;
/*!40101 SET @OLD_SQL_MODE=@@SQL_MODE, SQL_MODE='NO_AUTO_VALUE_ON_ZERO' */;
/*!40111 SET @OLD_SQL_NOTES=@@SQL_NOTES, SQL_NOTES=0 */;

--
-- Table structure for table `auth_group`
--

DROP TABLE IF EXISTS `auth_group`;
/*!40101 SET @saved_cs_client     = @@character_set_client */;
/*!40101 SET character_set_client = utf8 */;
CREATE TABLE `auth_group` (
  `id` int(11) NOT NULL AUTO_INCREMENT,
  `name` varchar(80) NOT NULL,
  PRIMARY KEY (`id`),
  UNIQUE KEY `name` (`name`)
) ENGINE=InnoDB DEFAULT CHARSET=latin1;
/*!40101 SET character_set_client = @saved_cs_client */;

--
-- Dumping data for table `auth_group`
--

LOCK TABLES `auth_group` WRITE;
/*!40000 ALTER TABLE `auth_group` DISABLE KEYS */;
/*!40000 ALTER TABLE `auth_group` ENABLE KEYS */;
UNLOCK TABLES;

--
-- Table structure for table `auth_group_permissions`
--

DROP TABLE IF EXISTS `auth_group_permissions`;
/*!40101 SET @saved_cs_client     = @@character_set_client */;
/*!40101 SET character_set_client = utf8 */;
CREATE TABLE `auth_group_permissions` (
  `id` int(11) NOT NULL AUTO_INCREMENT,
  `group_id` int(11) NOT NULL,
  `permission_id` int(11) NOT NULL,
  PRIMARY KEY (`id`),
  UNIQUE KEY `group_id` (`group_id`,`permission_id`),
  KEY `auth_group__permission_id_1f49ccbbdc69d2fc_fk_auth_permission_id` (`permission_id`),
  CONSTRAINT `auth_group__permission_id_1f49ccbbdc69d2fc_fk_auth_permission_id` FOREIGN KEY (`permission_id`) REFERENCES `auth_permission` (`id`),
  CONSTRAINT `auth_group_permission_group_id_689710a9a73b7457_fk_auth_group_id` FOREIGN KEY (`group_id`) REFERENCES `auth_group` (`id`)
) ENGINE=InnoDB DEFAULT CHARSET=latin1;
/*!40101 SET character_set_client = @saved_cs_client */;

--
-- Dumping data for table `auth_group_permissions`
--

LOCK TABLES `auth_group_permissions` WRITE;
/*!40000 ALTER TABLE `auth_group_permissions` DISABLE KEYS */;
/*!40000 ALTER TABLE `auth_group_permissions` ENABLE KEYS */;
UNLOCK TABLES;

--
-- Table structure for table `auth_permission`
--

DROP TABLE IF EXISTS `auth_permission`;
/*!40101 SET @saved_cs_client     = @@character_set_client */;
/*!40101 SET character_set_client = utf8 */;
CREATE TABLE `auth_permission` (
  `id` int(11) NOT NULL AUTO_INCREMENT,
  `name` varchar(255) NOT NULL,
  `content_type_id` int(11) NOT NULL,
  `codename` varchar(100) NOT NULL,
  PRIMARY KEY (`id`),
  UNIQUE KEY `content_type_id` (`content_type_id`,`codename`),
  CONSTRAINT `auth__content_type_id_508cf46651277a81_fk_django_content_type_id` FOREIGN KEY (`content_type_id`) REFERENCES `django_content_type` (`id`)
) ENGINE=InnoDB AUTO_INCREMENT=28 DEFAULT CHARSET=latin1;
/*!40101 SET character_set_client = @saved_cs_client */;

--
-- Dumping data for table `auth_permission`
--

LOCK TABLES `auth_permission` WRITE;
/*!40000 ALTER TABLE `auth_permission` DISABLE KEYS */;
INSERT INTO `auth_permission` VALUES (1,'Can add log entry',1,'add_logentry'),(2,'Can change log entry',1,'change_logentry'),(3,'Can delete log entry',1,'delete_logentry'),(4,'Can add permission',2,'add_permission'),(5,'Can change permission',2,'change_permission'),(6,'Can delete permission',2,'delete_permission'),(7,'Can add group',3,'add_group'),(8,'Can change group',3,'change_group'),(9,'Can delete group',3,'delete_group'),(10,'Can add user',4,'add_user'),(11,'Can change user',4,'change_user'),(12,'Can delete user',4,'delete_user'),(13,'Can add content type',5,'add_contenttype'),(14,'Can change content type',5,'change_contenttype'),(15,'Can delete content type',5,'delete_contenttype'),(16,'Can add session',6,'add_session'),(17,'Can change session',6,'change_session'),(18,'Can delete session',6,'delete_session'),(19,'Can add user',7,'add_user'),(20,'Can change user',7,'change_user'),(21,'Can delete user',7,'delete_user'),(22,'Can add message',8,'add_message'),(23,'Can change message',8,'change_message'),(24,'Can delete message',8,'delete_message'),(25,'Can add hashtag',9,'add_hashtag'),(26,'Can change hashtag',9,'change_hashtag'),(27,'Can delete hashtag',9,'delete_hashtag');
/*!40000 ALTER TABLE `auth_permission` ENABLE KEYS */;
UNLOCK TABLES;

--
-- Table structure for table `auth_user`
--

DROP TABLE IF EXISTS `auth_user`;
/*!40101 SET @saved_cs_client     = @@character_set_client */;
/*!40101 SET character_set_client = utf8 */;
CREATE TABLE `auth_user` (
  `id` int(11) NOT NULL AUTO_INCREMENT,
  `password` varchar(128) NOT NULL,
  `last_login` datetime(6) DEFAULT NULL,
  `is_superuser` tinyint(1) NOT NULL,
  `username` varchar(30) NOT NULL,
  `first_name` varchar(30) NOT NULL,
  `last_name` varchar(30) NOT NULL,
  `email` varchar(254) NOT NULL,
  `is_staff` tinyint(1) NOT NULL,
  `is_active` tinyint(1) NOT NULL,
  `date_joined` datetime(6) NOT NULL,
  PRIMARY KEY (`id`),
  UNIQUE KEY `username` (`username`)
) ENGINE=InnoDB DEFAULT CHARSET=latin1;
/*!40101 SET character_set_client = @saved_cs_client */;

--
-- Dumping data for table `auth_user`
--

LOCK TABLES `auth_user` WRITE;
/*!40000 ALTER TABLE `auth_user` DISABLE KEYS */;
/*!40000 ALTER TABLE `auth_user` ENABLE KEYS */;
UNLOCK TABLES;

--
-- Table structure for table `auth_user_groups`
--

DROP TABLE IF EXISTS `auth_user_groups`;
/*!40101 SET @saved_cs_client     = @@character_set_client */;
/*!40101 SET character_set_client = utf8 */;
CREATE TABLE `auth_user_groups` (
  `id` int(11) NOT NULL AUTO_INCREMENT,
  `user_id` int(11) NOT NULL,
  `group_id` int(11) NOT NULL,
  PRIMARY KEY (`id`),
  UNIQUE KEY `user_id` (`user_id`,`group_id`),
  KEY `auth_user_groups_group_id_33ac548dcf5f8e37_fk_auth_group_id` (`group_id`),
  CONSTRAINT `auth_user_groups_group_id_33ac548dcf5f8e37_fk_auth_group_id` FOREIGN KEY (`group_id`) REFERENCES `auth_group` (`id`),
  CONSTRAINT `auth_user_groups_user_id_4b5ed4ffdb8fd9b0_fk_auth_user_id` FOREIGN KEY (`user_id`) REFERENCES `auth_user` (`id`)
) ENGINE=InnoDB DEFAULT CHARSET=latin1;
/*!40101 SET character_set_client = @saved_cs_client */;

--
-- Dumping data for table `auth_user_groups`
--

LOCK TABLES `auth_user_groups` WRITE;
/*!40000 ALTER TABLE `auth_user_groups` DISABLE KEYS */;
/*!40000 ALTER TABLE `auth_user_groups` ENABLE KEYS */;
UNLOCK TABLES;

--
-- Table structure for table `auth_user_user_permissions`
--

DROP TABLE IF EXISTS `auth_user_user_permissions`;
/*!40101 SET @saved_cs_client     = @@character_set_client */;
/*!40101 SET character_set_client = utf8 */;
CREATE TABLE `auth_user_user_permissions` (
  `id` int(11) NOT NULL AUTO_INCREMENT,
  `user_id` int(11) NOT NULL,
  `permission_id` int(11) NOT NULL,
  PRIMARY KEY (`id`),
  UNIQUE KEY `user_id` (`user_id`,`permission_id`),
  KEY `auth_user_u_permission_id_384b62483d7071f0_fk_auth_permission_id` (`permission_id`),
  CONSTRAINT `auth_user_u_permission_id_384b62483d7071f0_fk_auth_permission_id` FOREIGN KEY (`permission_id`) REFERENCES `auth_permission` (`id`),
  CONSTRAINT `auth_user_user_permissi_user_id_7f0938558328534a_fk_auth_user_id` FOREIGN KEY (`user_id`) REFERENCES `auth_user` (`id`)
) ENGINE=InnoDB DEFAULT CHARSET=latin1;
/*!40101 SET character_set_client = @saved_cs_client */;

--
-- Dumping data for table `auth_user_user_permissions`
--

LOCK TABLES `auth_user_user_permissions` WRITE;
/*!40000 ALTER TABLE `auth_user_user_permissions` DISABLE KEYS */;
/*!40000 ALTER TABLE `auth_user_user_permissions` ENABLE KEYS */;
UNLOCK TABLES;

--
-- Table structure for table `django_admin_log`
--

DROP TABLE IF EXISTS `django_admin_log`;
/*!40101 SET @saved_cs_client     = @@character_set_client */;
/*!40101 SET character_set_client = utf8 */;
CREATE TABLE `django_admin_log` (
  `id` int(11) NOT NULL AUTO_INCREMENT,
  `action_time` datetime(6) NOT NULL,
  `object_id` longtext,
  `object_repr` varchar(200) NOT NULL,
  `action_flag` smallint(5) unsigned NOT NULL,
  `change_message` longtext NOT NULL,
  `content_type_id` int(11) DEFAULT NULL,
  `user_id` int(11) NOT NULL,
  PRIMARY KEY (`id`),
  KEY `djang_content_type_id_697914295151027a_fk_django_content_type_id` (`content_type_id`),
  KEY `django_admin_log_user_id_52fdd58701c5f563_fk_auth_user_id` (`user_id`),
  CONSTRAINT `djang_content_type_id_697914295151027a_fk_django_content_type_id` FOREIGN KEY (`content_type_id`) REFERENCES `django_content_type` (`id`),
  CONSTRAINT `django_admin_log_user_id_52fdd58701c5f563_fk_auth_user_id` FOREIGN KEY (`user_id`) REFERENCES `auth_user` (`id`)
) ENGINE=InnoDB DEFAULT CHARSET=latin1;
/*!40101 SET character_set_client = @saved_cs_client */;

--
-- Dumping data for table `django_admin_log`
--

LOCK TABLES `django_admin_log` WRITE;
/*!40000 ALTER TABLE `django_admin_log` DISABLE KEYS */;
/*!40000 ALTER TABLE `django_admin_log` ENABLE KEYS */;
UNLOCK TABLES;

--
-- Table structure for table `django_content_type`
--

DROP TABLE IF EXISTS `django_content_type`;
/*!40101 SET @saved_cs_client     = @@character_set_client */;
/*!40101 SET character_set_client = utf8 */;
CREATE TABLE `django_content_type` (
  `id` int(11) NOT NULL AUTO_INCREMENT,
  `app_label` varchar(100) NOT NULL,
  `model` varchar(100) NOT NULL,
  PRIMARY KEY (`id`),
  UNIQUE KEY `django_content_type_app_label_45f3b1d93ec8c61c_uniq` (`app_label`,`model`)
) ENGINE=InnoDB AUTO_INCREMENT=10 DEFAULT CHARSET=latin1;
/*!40101 SET character_set_client = @saved_cs_client */;

--
-- Dumping data for table `django_content_type`
--

LOCK TABLES `django_content_type` WRITE;
/*!40000 ALTER TABLE `django_content_type` DISABLE KEYS */;
INSERT INTO `django_content_type` VALUES (1,'admin','logentry'),(3,'auth','group'),(2,'auth','permission'),(4,'auth','user'),(5,'contenttypes','contenttype'),(9,'home','hashtag'),(8,'home','message'),(7,'home','user'),(6,'sessions','session');
/*!40000 ALTER TABLE `django_content_type` ENABLE KEYS */;
UNLOCK TABLES;

--
-- Table structure for table `django_migrations`
--

DROP TABLE IF EXISTS `django_migrations`;
/*!40101 SET @saved_cs_client     = @@character_set_client */;
/*!40101 SET character_set_client = utf8 */;
CREATE TABLE `django_migrations` (
  `id` int(11) NOT NULL AUTO_INCREMENT,
  `app` varchar(255) NOT NULL,
  `name` varchar(255) NOT NULL,
  `applied` datetime(6) NOT NULL,
  PRIMARY KEY (`id`)
) ENGINE=InnoDB AUTO_INCREMENT=11 DEFAULT CHARSET=latin1;
/*!40101 SET character_set_client = @saved_cs_client */;

--
-- Dumping data for table `django_migrations`
--

LOCK TABLES `django_migrations` WRITE;
/*!40000 ALTER TABLE `django_migrations` DISABLE KEYS */;
INSERT INTO `django_migrations` VALUES (1,'contenttypes','0001_initial','2018-03-27 07:49:54.445615'),(2,'auth','0001_initial','2018-03-27 07:49:55.054345'),(3,'admin','0001_initial','2018-03-27 07:49:55.180976'),(4,'contenttypes','0002_remove_content_type_name','2018-03-27 07:49:55.261967'),(5,'auth','0002_alter_permission_name_max_length','2018-03-27 07:49:55.309447'),(6,'auth','0003_alter_user_email_max_length','2018-03-27 07:49:55.360198'),(7,'auth','0004_alter_user_username_opts','2018-03-27 07:49:55.371871'),(8,'auth','0005_alter_user_last_login_null','2018-03-27 07:49:55.413363'),(9,'auth','0006_require_contenttypes_0002','2018-03-27 07:49:55.416762'),(10,'sessions','0001_initial','2018-03-27 07:49:55.449989');
/*!40000 ALTER TABLE `django_migrations` ENABLE KEYS */;
UNLOCK TABLES;

--
-- Table structure for table `django_session`
--

DROP TABLE IF EXISTS `django_session`;
/*!40101 SET @saved_cs_client     = @@character_set_client */;
/*!40101 SET character_set_client = utf8 */;
CREATE TABLE `django_session` (
  `session_key` varchar(40) NOT NULL,
  `session_data` longtext NOT NULL,
  `expire_date` datetime(6) NOT NULL,
  PRIMARY KEY (`session_key`),
  KEY `django_session_de54fa62` (`expire_date`)
) ENGINE=InnoDB DEFAULT CHARSET=latin1;
/*!40101 SET character_set_client = @saved_cs_client */;

--
-- Dumping data for table `django_session`
--

LOCK TABLES `django_session` WRITE;
/*!40000 ALTER TABLE `django_session` DISABLE KEYS */;
/*!40000 ALTER TABLE `django_session` ENABLE KEYS */;
UNLOCK TABLES;

--
-- Table structure for table `home_hashtag`
--

DROP TABLE IF EXISTS `home_hashtag`;
/*!40101 SET @saved_cs_client     = @@character_set_client */;
/*!40101 SET character_set_client = utf8 */;
CREATE TABLE `home_hashtag` (
  `id` int(11) NOT NULL AUTO_INCREMENT,
  `user_sent` varchar(255) DEFAULT NULL,
  `hashtag` varchar(255) DEFAULT NULL,
  `channel` varchar(255) DEFAULT NULL,
  `time_create` datetime(6) NOT NULL,
  PRIMARY KEY (`id`)
) ENGINE=InnoDB AUTO_INCREMENT=1868 DEFAULT CHARSET=latin1;
/*!40101 SET character_set_client = @saved_cs_client */;

--
-- Dumping data for table `home_hashtag`
--

LOCK TABLES `home_hashtag` WRITE;
/*!40000 ALTER TABLE `home_hashtag` DISABLE KEYS */;
INSERT INTO `home_hashtag` VALUES (843,'Hoàng Tùng#6725','#392','bugs-finders','2018-04-23 10:42:57.422907'),(844,'Taiga Reporter#0000','FINDERS][#313][#346]L?i','taiga','2018-04-23 11:01:30.005745'),(845,'Taiga Reporter#0000','FINDERS][#345][UX]L?i','taiga','2018-04-23 11:01:30.448250'),(846,'T? Minh#4043','#211','mits-engineering','2018-04-24 01:46:46.194668'),(847,'Ankita#7985','done\nToday:\n#Planning','mits-engineering','2018-04-24 01:58:36.005292'),(848,'Ankita#7985','1h\n#Complete','mits-engineering','2018-04-24 01:58:36.440477'),(849,'Ankita#7985','4h\n#Complete','mits-engineering','2018-04-24 01:58:36.883335'),(850,'Dinh Tung#7015','done\nToday:\n#3219[2018-04-23]','mits-engineering','2018-04-24 01:59:13.706476'),(851,'Nam Tran#7275','#3229[BUGS','mits-engineering','2018-04-24 02:02:18.889454'),(852,'Nam Tran#7275','FINDERS][UI][#367][#382]L?i','mits-engineering','2018-04-24 02:02:19.330615'),(853,'Nam Tran#7275','#3227[BUGS','mits-engineering','2018-04-24 02:02:19.770971'),(854,'Nam Tran#7275','FINDERS][UI/UX][#365]Khi','mits-engineering','2018-04-24 02:02:20.213899'),(855,'Nam Tran#7275','#3232[BUGS','mits-engineering','2018-04-24 02:02:20.634805'),(856,'Nam Tran#7275','FINDERS][#374]L?i','mits-engineering','2018-04-24 02:02:21.049091'),(857,'Nam Tran#7275','#3286[FrontEnd]','mits-engineering','2018-04-24 02:02:21.487339'),(858,'Duan Huynh#4374','#3173[BUGS','mits-engineering','2018-04-24 02:03:17.577678'),(859,'Duan Huynh#4374','FINDERS][BUG][#350]L?i','mits-engineering','2018-04-24 02:03:18.013819'),(860,'hongphi#1714','#3269[ERROR]','mits-engineering','2018-04-24 02:18:31.511406'),(861,'Homoske(Qu?c Du?n)#3458','done\ntoday:\n#','mits-engineering','2018-04-24 02:27:30.273287'),(862,'Homoske(Qu?c Du?n)#3458','-1h\n#','mits-engineering','2018-04-24 02:27:30.665541'),(863,'Taiga Reporter#0000','FINDERS][UI][#390]L?i','taiga','2018-04-24 02:30:32.916594'),(864,'Taiga Reporter#0000','FINDERS][UI/UX][#389]L?i','taiga','2018-04-24 02:30:33.362521'),(865,'Taiga Reporter#0000','FINDERS][BUG][#388]L?i','taiga','2018-04-24 02:30:33.810538'),(866,'Taiga Reporter#0000','FINDERS][BUG][#386][#387][#391]L?i','taiga','2018-04-24 02:30:34.225570'),(867,'Taiga Reporter#0000','FINDERS][UI/UX][#385]L?i','taiga','2018-04-24 02:30:34.637615'),(868,'Taiga Reporter#0000','FINDERS][BUG][#384]Th?','taiga','2018-04-24 02:30:38.023818'),(869,'Taiga Reporter#0000','[#139]Xoá','taiga','2018-04-24 02:30:38.471973'),(870,'Taiga Reporter#0000','FINDERS][#324]V?','taiga','2018-04-24 02:31:03.523122'),(871,'Taiga Reporter#0000','FINDERS][#323]L?i','taiga','2018-04-24 02:31:03.976057'),(872,'Taiga Reporter#0000','FINDERS][#310]','taiga','2018-04-24 02:31:04.425916'),(873,'Taiga Reporter#0000','FINDERS][#2200][#327]L?i','taiga','2018-04-24 02:31:04.867296'),(874,'Fountainhead#9408','#72','annoucement','2018-04-24 02:32:59.416569'),(875,'Taiga Reporter#0000','FINDERS][BUG][#350]L?i','taiga-warning','2018-04-24 03:00:57.969473'),(876,'Taiga Reporter#0000','FINDERS][#324]V?','taiga-warning','2018-04-24 03:00:58.383329'),(877,'Nam Tran#7275','#393','bugs-finders','2018-04-24 03:56:41.783221'),(878,'Nam Tran#7275','#394','bugs-finders','2018-04-24 06:53:49.611385'),(879,'Nhung#8123','#394','bugs-finders','2018-04-24 07:23:41.451285'),(880,'Captain Zendesk#0000','###','zendesk-support','2018-04-24 08:13:12.600223'),(881,'Dinh Tung#7015','H?#6924','Direct Message with Dinh Tung','2018-04-24 10:35:13.438689'),(882,'HAPPY#6266','H?#6924','general','2018-04-24 10:35:17.530869'),(883,'Hoàng Tùng#6725','Min#6468','Direct Message with Hoàng Tùng','2018-04-24 10:38:59.876836'),(884,'Taiga Reporter#0000','FINDERS][UI/UX][#269](https://agile.cloudjet.solutions/project/fountainhead-cloudjet-kpi/us/2988)','taiga','2018-04-24 11:01:17.075581'),(885,'Taiga Reporter#0000','[#3258Thi?t','taiga','2018-04-24 11:01:17.504200'),(886,'??c Tu?n (Tu?n)#0416','done\nToday:\n#3223[2018-04-25]','mits-engineering','2018-04-26 01:21:23.421230'),(887,'??c Tu?n (Tu?n)#0416','FINDERS][BUG][#356][#358][#375][#380]L?i','mits-engineering','2018-04-26 01:21:23.834400'),(888,'Duan Huynh#4374','#3178[BUGS','mits-engineering','2018-04-26 01:23:10.806560'),(889,'Duan Huynh#4374','FINDERS][#308][#316][#329][#342][#344]L?i','mits-engineering','2018-04-26 01:23:11.224982'),(890,'Vi?t H?#6924','done\nToday:\n#3292','mits-engineering','2018-04-26 01:30:31.346945'),(891,'Nguy?n Nguyên#6062','#3243[BUGS','mits-engineering','2018-04-26 02:04:58.164047'),(892,'Nguy?n Nguyên#6062','FINDERS][BUG][#2201][#302]L?i','mits-engineering','2018-04-26 02:04:58.629653'),(893,'Homoske(Qu?c Du?n)#3458','Today:\n#3127','mits-engineering','2018-04-26 02:08:39.615130'),(894,'hongphi#1714','#3293[Bug]','mits-engineering','2018-04-26 02:15:20.711232'),(895,'Ankita#7985','Today:\n#Test','mits-engineering','2018-04-26 02:16:12.753384'),(896,'Ankita#7985','6h\n#Document','mits-engineering','2018-04-26 02:16:13.195865'),(897,'Nam Tran#7275','#3286[FrontEnd]','mits-engineering','2018-04-26 02:21:55.003755'),(898,'Taiga Reporter#0000','[#139]Xoá','taiga','2018-04-26 02:31:24.420967'),(899,'Taiga Reporter#0000','FINDERS][BUG][#356][#358][#375]](https://agile.cloudjet.solutions/project/fountainhead-cloudjet-kpi/us/3223)','taiga','2018-04-26 02:31:41.342227'),(900,'Taiga Reporter#0000','FINDERS][#324]V?','taiga','2018-04-26 02:31:46.695620'),(901,'Taiga Reporter#0000','FINDERS][#323]L?i','taiga','2018-04-26 02:31:47.112651'),(902,'Taiga Reporter#0000','FINDERS][#310]','taiga','2018-04-26 02:31:47.528493'),(903,'Taiga Reporter#0000','FINDERS][#2200][#327]L?i','taiga','2018-04-26 02:31:47.967324'),(904,'Taiga Reporter#0000','FINDERS][#308][#316][#329][#342][#344]L?i','taiga-warning','2018-04-26 03:01:07.343510'),(905,'Taiga Reporter#0000','FINDERS][BUG][#350]L?i','taiga-warning','2018-04-26 03:01:07.784120'),(906,'Thiên Toán#0591','#73','general-discussion','2018-04-26 03:01:39.235890'),(907,'Fountainhead#9408','#75','annoucement','2018-04-26 03:14:04.676366'),(908,'Nhut Le#0685','#3222','urgent-requests','2018-04-26 03:39:13.527713'),(909,'Fountainhead#9408','#76','annoucement','2018-04-26 03:52:08.280590'),(910,'Fountainhead#9408','#77','annoucement','2018-04-26 03:57:29.118662'),(911,'Dinh Tung#7015','#395\r\n','bugs-finders','2018-04-26 09:14:59.326536'),(912,'Alan#2725','#3[SPRINT','mits-engineering','2018-04-26 17:43:18.491479'),(913,'Alan#2725','#8[API]','mits-engineering','2018-04-26 17:43:18.928334'),(914,'Lam#9326','#2888[SPRINT','mits-engineering','2018-04-27 00:33:27.553349'),(915,'Lam#9326','FINDERS][BUG][UI/UX][#247]','mits-engineering','2018-04-27 00:33:27.985306'),(916,'Lam#9326','#3253[GENCO3]','mits-engineering','2018-04-27 00:33:28.444983'),(917,'hpthang88#5608','#3162[Import','mits-engineering','2018-04-27 01:01:03.135906'),(918,'Duan Huynh#4374','#3178[BUGS','mits-engineering','2018-04-27 01:51:23.294239'),(919,'Duan Huynh#4374','FINDERS][#308][#316][#329][#342][#344]L?i','mits-engineering','2018-04-27 01:51:23.731010'),(920,'Nguy?n Nguyên#6062','#3225[BUGS','mits-engineering','2018-04-27 01:56:21.842725'),(921,'Nguy?n Nguyên#6062','FINDERS][BUG][#361]L?i','mits-engineering','2018-04-27 01:56:22.289021'),(922,'Vi?t H?#6924','done\nToday:\n#3292','mits-engineering','2018-04-27 02:02:11.071288'),(923,'Nam Tran#7275','#3297[BUGS','mits-engineering','2018-04-27 02:13:01.208889'),(924,'Nam Tran#7275','FINDERS][BUG][#386][#387][#391]L?i','mits-engineering','2018-04-27 02:13:01.654668'),(925,'hongphi#1714','#3293[Bug]','mits-engineering','2018-04-27 02:18:59.557983'),(926,'Nhung#8123','#394','bugs-finders','2018-04-27 02:20:13.931499'),(927,'Homoske(Qu?c Du?n)#3458','\n#','mits-engineering','2018-04-27 02:23:10.302147'),(928,'Homoske(Qu?c Du?n)#3458','3h\n#','mits-engineering','2018-04-27 02:23:10.717325'),(929,'Taiga Reporter#0000','[#139]Xoá','taiga','2018-04-27 02:30:37.902654'),(930,'Taiga Reporter#0000','FINDERS][#324]V?','taiga','2018-04-27 02:30:59.224655'),(931,'Taiga Reporter#0000','FINDERS][#323]L?i','taiga','2018-04-27 02:30:59.667371'),(932,'Taiga Reporter#0000','FINDERS][#310]','taiga','2018-04-27 02:31:00.106889'),(933,'Taiga Reporter#0000','FINDERS][#2200][#327]L?i','taiga','2018-04-27 02:31:00.526626'),(934,'Taiga Reporter#0000','FINDERS][BUG][#350]L?i','taiga-warning','2018-04-27 03:00:37.464006'),(935,'BiscuitWeed (Long)#5116','#395','bugs-finders','2018-04-27 03:55:05.915885'),(936,'Captain Zendesk#0000','#21111455','zendesk-support','2018-04-27 04:24:48.362730'),(937,'Hoàng Tùng#6725','Framwork\nhttps://www.scaledagileframework.com/#','product-management','2018-04-27 10:16:15.729899'),(938,'Taiga Reporter#0000','FINDERS][UI/UX][#171][](https://agile.cloudjet.solutions/project/fountainhead-cloudjet-kpi/us/2709)','taiga','2018-04-27 11:00:31.894562'),(939,'Taiga Reporter#0000','FINDERS][BUG][#355]](https://agile.cloudjet.solutions/project/fountainhead-cloudjet-kpi/us/3222)','taiga','2018-04-27 11:00:32.331665'),(940,'Taiga Reporter#0000','FINDERS][UI/UX][#365]Khi','taiga','2018-04-27 11:00:32.770607'),(941,'Taiga Reporter#0000','FINDERS][#368]L?i','taiga','2018-04-27 11:00:33.213362'),(942,'Taiga Reporter#0000','FINDERS][UI/UX][#29](https://agile.cloudjet.solutions/project/fountainhead-cloudjet-kpi/us/3242)','taiga','2018-04-27 11:00:33.655059'),(943,'Taiga Reporter#0000','FINDERS][UI][#349]Email','taiga','2018-04-27 11:00:34.071867'),(944,'Taiga Reporter#0000','FINDERS][UI/UX][#363](https://agile.cloudjet.solutions/project/fountainhead-cloudjet-kpi/us/3226)','taiga','2018-04-27 11:00:34.492038'),(945,'Taiga Reporter#0000','FINDERS][UI][#367][#382]L?i','taiga','2018-04-27 11:00:34.917386'),(946,'Taiga Reporter#0000','FINDERS][#374]L?i','taiga','2018-04-27 11:00:35.332080'),(947,'Taiga Reporter#0000','FINDERS][UI/UX][#389]L?i','taiga','2018-04-27 11:00:35.746310'),(948,'Taiga Reporter#0000','[#139]Xoá','taiga','2018-04-28 02:30:53.493220'),(949,'Taiga Reporter#0000','FINDERS][#324]V?','taiga','2018-04-28 02:31:14.365358'),(950,'Taiga Reporter#0000','FINDERS][#323]L?i','taiga','2018-04-28 02:31:14.806381'),(951,'Taiga Reporter#0000','FINDERS][#310]','taiga','2018-04-28 02:31:15.224303'),(952,'Taiga Reporter#0000','FINDERS][#2200][#327]L?i','taiga','2018-04-28 02:31:15.617196'),(953,'Taiga Reporter#0000','FINDERS][BUG][#350]L?i','taiga-warning','2018-04-28 03:00:53.910897'),(954,'Taiga Reporter#0000','FINDERS][#324]V?','taiga-warning','2018-04-28 03:00:54.308029'),(955,'hpthang88#5608','#3162','mits-engineering','2018-04-29 01:38:48.561767'),(956,'Taiga Reporter#0000','[#139]Xoá','taiga','2018-04-29 02:30:37.288490'),(957,'Taiga Reporter#0000','FINDERS][BUG][#356][#358][#375]](https://agile.cloudjet.solutions/project/fountainhead-cloudjet-kpi/us/3223)','taiga','2018-04-29 02:30:53.851741'),(958,'Taiga Reporter#0000','FINDERS][#324]V?','taiga','2018-04-29 02:30:59.136574'),(959,'Taiga Reporter#0000','FINDERS][#323]L?i','taiga','2018-04-29 02:30:59.553809'),(960,'Taiga Reporter#0000','FINDERS][#310]','taiga','2018-04-29 02:30:59.982389'),(961,'Taiga Reporter#0000','FINDERS][#2200][#327]L?i','taiga','2018-04-29 02:31:00.408438'),(962,'Taiga Reporter#0000','FINDERS][BUG][#350]L?i','taiga-warning','2018-04-29 03:00:25.970425'),(963,'Taiga Reporter#0000','FINDERS][#324]V?','taiga-warning','2018-04-29 03:00:26.409441'),(964,'hpthang88#5608','#3162','mits-engineering','2018-04-30 02:10:28.696467'),(965,'Taiga Reporter#0000','[#139]Xoá','taiga','2018-04-30 02:30:54.606422'),(966,'Taiga Reporter#0000','FINDERS][BUG][#356][#358][#375]](https://agile.cloudjet.solutions/project/fountainhead-cloudjet-kpi/us/3223)','taiga','2018-04-30 02:31:11.803262'),(967,'Taiga Reporter#0000','FINDERS][BUG][#361](https://agile.cloudjet.solutions/project/fountainhead-cloudjet-kpi/us/3225)','taiga','2018-04-30 02:31:12.212113'),(968,'Taiga Reporter#0000','FINDERS][BUG][#386][#387][#391]L?i','taiga','2018-04-30 02:31:12.617923'),(969,'Taiga Reporter#0000','FINDERS][#324]V?','taiga','2018-04-30 02:31:17.275823'),(970,'Taiga Reporter#0000','FINDERS][#323]L?i','taiga','2018-04-30 02:31:17.705161'),(971,'Taiga Reporter#0000','FINDERS][#310]','taiga','2018-04-30 02:31:18.132092'),(972,'Taiga Reporter#0000','FINDERS][#2200][#327]L?i','taiga','2018-04-30 02:31:18.559979'),(973,'Taiga Reporter#0000','FINDERS][BUG][#350]L?i','taiga-warning','2018-04-30 03:01:05.813993'),(974,'Taiga Reporter#0000','FINDERS][#324]V?','taiga-warning','2018-04-30 03:01:06.218123'),(975,'Homoske(Qu?c Du?n)#3458','\n#','mits-engineering','2018-05-02 01:23:23.403602'),(976,'Homoske(Qu?c Du?n)#3458','plan-1h\n#','mits-engineering','2018-05-02 01:23:23.836245'),(977,'Lam#9326','Today:\n-#2888[SPRINT','mits-engineering','2018-05-02 01:23:30.168306'),(978,'Lam#9326','FINDERS][BUG][UI/UX][#247]','mits-engineering','2018-05-02 01:23:30.562318'),(979,'Lam#9326','#3327B?','mits-engineering','2018-05-02 01:23:30.946250'),(980,'Nguy?n Nguyên#6062','#3221[BUGS','mits-engineering','2018-05-02 01:34:43.122497'),(981,'Nguy?n Nguyên#6062','FINDERS][UI/UX][#354]L?i','mits-engineering','2018-05-02 01:34:43.529025'),(982,'Nguy?n Nguyên#6062','#3225[2018-04-27]','mits-engineering','2018-05-02 01:34:43.988836'),(983,'Nguy?n Nguyên#6062','FINDERS][BUG][#361]L?i','mits-engineering','2018-05-02 01:34:44.450950'),(984,'Hoàng Tùng#6725','#3228[BUGS','mits-engineering','2018-05-02 01:42:23.367462'),(985,'Hoàng Tùng#6725','FINDERS][UI][#366]Khi','mits-engineering','2018-05-02 01:42:23.794676'),(986,'Hoàng Tùng#6725','#3260[Improve]','mits-engineering','2018-05-02 01:42:24.258347'),(987,'Nam Tran#7275',':\n#3297[BUGS','mits-engineering','2018-05-02 02:15:54.319182'),(988,'Nam Tran#7275','FINDERS][BUG][#386][#387][#391]L?i','mits-engineering','2018-05-02 02:15:54.725024'),(989,'Taiga Reporter#0000','[#139]Xoá','taiga','2018-05-02 02:31:14.866624'),(990,'Taiga Reporter#0000','FINDERS][BUG][#386][#387][#391]L?i','taiga','2018-05-02 02:31:36.448385'),(991,'Taiga Reporter#0000','FINDERS][#324]V?','taiga','2018-05-02 02:31:41.851978'),(992,'Taiga Reporter#0000','FINDERS][#323]L?i','taiga','2018-05-02 02:31:42.311402'),(993,'Taiga Reporter#0000','FINDERS][#310]','taiga','2018-05-02 02:31:42.772582'),(994,'Taiga Reporter#0000','FINDERS][#2200][#327]L?i','taiga','2018-05-02 02:31:43.191821'),(995,'Hoàng Tùng#6725','#397','bugs-finders','2018-05-02 02:44:49.708952'),(996,'Taiga Reporter#0000','FINDERS][BUG][#350]L?i','taiga-warning','2018-05-02 03:00:38.578543'),(997,'Captain Zendesk#0000','#1397','zendesk-support','2018-05-02 03:41:06.402082'),(998,'Bunp Pham (Dung)#0842','https://docs.google.com/spreadsheets/d/1lEOTxXUVkIcZHj3hXKKpwqNxLu8BGmZwT5hBe7GpDi0/edit#gid=655404364','monthly-expense-planning','2018-05-02 03:53:23.067277'),(999,'Nhung#8123','#398','bugs-finders','2018-05-02 04:02:51.456585'),(1000,'Nhung#8123','#399','bugs-finders','2018-05-02 04:46:22.140324'),(1001,'Duan Huynh#4374','#3173[Sprint','mits-engineering','2018-05-02 05:57:21.441530'),(1002,'Duan Huynh#4374','FINDERS][BUG][#350]L?i','mits-engineering','2018-05-02 05:57:21.897178'),(1003,'T? Minh#4043','#271','mits-engineering','2018-05-02 06:17:35.207129'),(1004,'BiscuitWeed (Long)#5116','Uyen#3690','Direct Message with BiscuitWeed (Long)','2018-05-02 08:57:03.322960'),(1005,'BiscuitWeed (Long)#5116','Uyen#3690','Direct Message with BiscuitWeed (Long)','2018-05-02 08:57:03.731274'),(1006,'BiscuitWeed (Long)#5116','(Thu?n)#2116','Direct Message with BiscuitWeed (Long)','2018-05-02 08:57:04.166263'),(1007,'Fountainhead#9408','http://docs.celeryproject.org/en/latest/django/first-steps-with-django.html#using-celery-with-django','internal-discussion','2018-05-02 09:23:20.455304'),(1008,'BiscuitWeed (Long)#5116','Uyen#3690','Direct Message with BiscuitWeed (Long)','2018-05-02 09:33:12.332309'),(1009,'BiscuitWeed (Long)#5116','https://docs.google.com/spreadsheets/d/1pwL_huabItAwFYUZCrxYbkO0oi_XWbaegcclsK8_p2U/edit#gid=0','Direct Message with BiscuitWeed (Long)','2018-05-02 09:33:12.780204'),(1010,'BiscuitWeed (Long)#5116','Uyen#3690','Direct Message with BiscuitWeed (Long)','2018-05-02 09:39:45.111137'),(1011,'BiscuitWeed (Long)#5116','https://docs.google.com/spreadsheets/d/1pwL_huabItAwFYUZCrxYbkO0oi_XWbaegcclsK8_p2U/edit#gid=0','Direct Message with BiscuitWeed (Long)','2018-05-02 09:39:45.500970'),(1012,'BiscuitWeed (Long)#5116','Uyen#3690','Direct Message with BiscuitWeed (Long)','2018-05-02 09:40:22.733492'),(1013,'BiscuitWeed (Long)#5116','https://docs.google.com/spreadsheets/d/1pwL_huabItAwFYUZCrxYbkO0oi_XWbaegcclsK8_p2U/edit#gid=0','Direct Message with BiscuitWeed (Long)','2018-05-02 09:40:23.166772'),(1014,'BiscuitWeed (Long)#5116','Uyen#3690','Direct Message with BiscuitWeed (Long)','2018-05-02 09:51:10.813174'),(1015,'BiscuitWeed (Long)#5116','https://docs.google.com/spreadsheets/d/1pwL_huabItAwFYUZCrxYbkO0oi_XWbaegcclsK8_p2U/edit#gid=0','Direct Message with BiscuitWeed (Long)','2018-05-02 09:51:11.237524'),(1016,'BiscuitWeed (Long)#5116','Uyen#3690','Direct Message with BiscuitWeed (Long)','2018-05-02 09:51:51.797657'),(1017,'BiscuitWeed (Long)#5116','Uyen#3690','Direct Message with BiscuitWeed (Long)','2018-05-02 09:52:24.816574'),(1018,'BiscuitWeed (Long)#5116','Uyen#3690','Direct Message with BiscuitWeed (Long)','2018-05-02 09:52:25.244539'),(1019,'BiscuitWeed (Long)#5116','Uyen#3690','Direct Message with BiscuitWeed (Long)','2018-05-02 09:52:44.351120'),(1020,'BiscuitWeed (Long)#5116','Uyen#3690','Direct Message with BiscuitWeed (Long)','2018-05-02 09:52:44.757914'),(1021,'BiscuitWeed (Long)#5116','https://docs.google.com/spreadsheets/d/1pwL_huabItAwFYUZCrxYbkO0oi_XWbaegcclsK8_p2U/edit#gid=0','general','2018-05-02 09:53:58.030857'),(1022,'BiscuitWeed (Long)#5116','https://docs.google.com/spreadsheets/d/1pwL_huabItAwFYUZCrxYbkO0oi_XWbaegcclsK8_p2U/edit#gid=0','general','2018-05-02 09:54:12.976089'),(1023,'Cereal Killer (Nhi)#5026','https://docs.google.com/spreadsheets/d/1pwL_huabItAwFYUZCrxYbkO0oi_XWbaegcclsK8_p2U/edit#gid=0','marketing-workshop','2018-05-02 09:56:21.517706'),(1024,'Lam#9326','#3327B?','mits-engineering','2018-05-03 01:18:08.168235'),(1025,'Nam Tran#7275','#3297[BUGS','mits-engineering','2018-05-03 01:25:43.240797'),(1026,'Nam Tran#7275','FINDERS][BUG][#386][#387][#391]L?i','mits-engineering','2018-05-03 01:25:43.667102'),(1027,'??c Tu?n (Tu?n)#0416','\n#3299[BUGS','mits-engineering','2018-05-03 01:48:47.511616'),(1028,'??c Tu?n (Tu?n)#0416','FINDERS][BUG][#384]Th?','mits-engineering','2018-05-03 01:48:47.947505'),(1029,'??c Tu?n (Tu?n)#0416','Editor\nToday:\n#3299[BUGS','mits-engineering','2018-05-03 01:48:48.364730'),(1030,'??c Tu?n (Tu?n)#0416','FINDERS][BUG][#384]Th?','mits-engineering','2018-05-03 01:48:48.798808'),(1031,'Thiên Toán#0591','#2391\n-','mits-engineering','2018-05-03 01:55:45.242759'),(1032,'Thiên Toán#0591','#3316','mits-engineering','2018-05-03 01:55:45.676990'),(1033,'Ankita#7985','Today:\n#Permissions','mits-engineering','2018-05-03 02:03:20.797012'),(1034,'Ankita#7985','1h\n#Personal','mits-engineering','2018-05-03 02:03:21.258705'),(1035,'Ankita#7985','30m\n#3285','mits-engineering','2018-05-03 02:03:21.686833'),(1036,'Nguy?n Nguyên#6062','#3255[Django]','mits-engineering','2018-05-03 02:07:14.352730'),(1037,'Nguy?n Nguyên#6062','FINDERS][BUG][#361]L?i','mits-engineering','2018-05-03 02:07:14.760294'),(1038,'Nhung#8123','#400','bugs-finders','2018-05-03 02:12:58.122749'),(1039,'hongphi#1714','#3231[BUGS','mits-engineering','2018-05-03 02:22:25.927776'),(1040,'hongphi#1714','FINDERS][UX][#377]L?i','mits-engineering','2018-05-03 02:22:26.373883'),(1041,'Homoske(Qu?c Du?n)#3458','today:\n#','mits-engineering','2018-05-03 02:22:53.301326'),(1042,'Hoàng Tùng#6725','#3140LOGIC','mits-engineering','2018-05-03 02:24:54.674885'),(1043,'T? Minh#4043','#271','mits-engineering','2018-05-03 02:28:15.580436'),(1044,'T? Minh#4043','#223','mits-engineering','2018-05-03 02:28:16.017803'),(1045,'Taiga Reporter#0000','[#139]Xoá','taiga','2018-05-03 02:31:38.928218'),(1046,'Taiga Reporter#0000','FINDERS][#324]V?','taiga','2018-05-03 02:32:01.552679'),(1047,'Taiga Reporter#0000','FINDERS][#323]L?i','taiga','2018-05-03 02:32:02.002727'),(1048,'Taiga Reporter#0000','FINDERS][#310]','taiga','2018-05-03 02:32:02.430452'),(1049,'Taiga Reporter#0000','FINDERS][#2200][#327]L?i','taiga','2018-05-03 02:32:02.883285'),(1050,'hpthang88#5608','#3162[2018-05-03]','mits-engineering','2018-05-03 02:36:54.235717'),(1051,'Taiga Reporter#0000','FINDERS][BUG][#350]L?i','taiga-warning','2018-05-03 03:00:27.098112'),(1052,'Taiga Reporter#0000','FINDERS][UX][#377]L?i','taiga-warning','2018-05-03 03:00:27.483608'),(1053,'Nhung#8123','#400','bugs-finders','2018-05-03 03:28:58.929305'),(1054,'Fountainhead#9408','#401','bugs-finders','2018-05-03 04:21:36.844563'),(1055,'Fountainhead#9408','#402','bugs-finders','2018-05-03 04:22:47.446926'),(1056,'Nhung#8123','#403','bugs-finders','2018-05-03 04:41:59.372871'),(1057,'Fountainhead#9408','following:\n\n#ID','system-integration','2018-05-03 07:05:51.577364'),(1058,'Fountainhead#9408','#1','system-integration','2018-05-03 07:07:47.221114'),(1059,'Fountainhead#9408','#2','system-integration','2018-05-03 07:09:19.708289'),(1060,'Hoàng Tùng#6725','sau:\nhttps://prod.teamgantt.com/gantt/schedule/?ids=1105465#&ids=1105465\nUsername:','weekly-planning','2018-05-03 16:51:56.827421'),(1061,'Thiên Toán#0591','#77','annoucement','2018-05-03 19:34:19.004073'),(1062,'T? Minh#4043','#271','mits-engineering','2018-05-04 00:09:00.567150'),(1063,'Hoàng Tùng#6725','#3140LOGIC','mits-engineering','2018-05-04 01:03:48.083784'),(1064,'Hoàng Tùng#6725','#274T?o','mits-engineering','2018-05-04 01:03:48.542157'),(1065,'Ankita#7985','done\nToday:\n#3285','mits-engineering','2018-05-04 01:30:30.372893'),(1066,'Homoske(Qu?c Du?n)#3458','done\nToday:\n#3328','mits-engineering','2018-05-04 01:30:58.482321'),(1067,'Homoske(Qu?c Du?n)#3458','-7h\n#','mits-engineering','2018-05-04 01:30:58.921058'),(1068,'Lam#9326','#3327B?','mits-engineering','2018-05-04 01:37:26.615849'),(1069,'hpthang88#5608','#3162[2018-05-03]','mits-engineering','2018-05-04 01:42:30.702031'),(1070,'hpthang88#5608','#3162[2018-05-03]','mits-engineering','2018-05-04 01:42:31.130485'),(1071,'??c Tu?n (Tu?n)#0416','\n#3299[BUGS','mits-engineering','2018-05-04 01:45:17.152567'),(1072,'??c Tu?n (Tu?n)#0416','FINDERS][BUG][#384]Th?','mits-engineering','2018-05-04 01:45:17.614715'),(1073,'??c Tu?n (Tu?n)#0416','Editor\nToday:\n#3299[BUGS','mits-engineering','2018-05-04 01:45:18.068302'),(1074,'??c Tu?n (Tu?n)#0416','FINDERS][BUG][#384]Th?','mits-engineering','2018-05-04 01:45:18.524713'),(1075,'Nguy?n Nguyên#6062','#3022[DXG]','mits-engineering','2018-05-04 02:12:08.546664'),(1076,'hongphi#1714','#3343[Improve','mits-engineering','2018-05-04 02:21:39.449963'),(1077,'Taiga Reporter#0000','[#139]Xoá','taiga','2018-05-04 02:31:21.274745'),(1078,'Taiga Reporter#0000','FINDERS][BUG][#384]Th?','taiga','2018-05-04 02:31:48.285601'),(1079,'Taiga Reporter#0000','FINDERS][#324]V?','taiga','2018-05-04 02:31:53.573100'),(1080,'Taiga Reporter#0000','FINDERS][#323]L?i','taiga','2018-05-04 02:31:54.021490'),(1081,'Taiga Reporter#0000','FINDERS][#310]','taiga','2018-05-04 02:31:54.466681'),(1082,'Taiga Reporter#0000','FINDERS][#2200][#327]L?i','taiga','2018-05-04 02:31:54.912118'),(1083,'Taiga Reporter#0000','FINDERS][BUG][#350]L?i','taiga-warning','2018-05-04 03:01:23.097003'),(1084,'Vi?t H?#6924','#404','bugs-finders','2018-05-04 04:12:56.322553'),(1085,'Nhut Le#0685','Min#6468','Direct Message with Nhut Le','2018-05-04 05:17:29.387590'),(1086,'Hoàng Tùng#6725','#405','bugs-finders','2018-05-04 05:28:49.553863'),(1087,'Nhut Le#0685','Min#6468','Direct Message with Nhut Le','2018-05-04 05:41:08.530976'),(1088,'BiscuitWeed (Long)#5116','#406','bugs-finders','2018-05-04 05:50:00.455025'),(1089,'Fountainhead#9408','#78','annoucement','2018-05-04 06:53:06.845623'),(1090,'Taiga Reporter#0000','FINDERS][#308][#316][#329][#342][#344]L?i','taiga','2018-05-04 11:01:10.060929'),(1091,'Taiga Reporter#0000','FINDERS][UI/UX][#354]L?i','taiga','2018-05-04 11:01:10.499275'),(1092,'Taiga Reporter#0000','#1','taiga','2018-05-04 11:01:10.964395'),(1093,'Taiga Reporter#0000','[#139]Xoá','taiga','2018-05-05 02:31:04.058285'),(1094,'Taiga Reporter#0000','FINDERS][#324]V?','taiga','2018-05-05 02:31:31.167035'),(1095,'Taiga Reporter#0000','FINDERS][#323]L?i','taiga','2018-05-05 02:31:31.596368'),(1096,'Taiga Reporter#0000','FINDERS][#310]','taiga','2018-05-05 02:31:32.037090'),(1097,'Taiga Reporter#0000','FINDERS][#2200][#327]L?i','taiga','2018-05-05 02:31:32.464844'),(1098,'Fountainhead#9408','#79','annoucement','2018-05-05 05:41:56.034417'),(1099,'Hoàng Tùng#6725','#407','bugs-finders','2018-05-05 09:01:24.057364'),(1100,'Taiga Reporter#0000','FINDERS][BUG][#356][#358][#375]](https://agile.cloudjet.solutions/project/fountainhead-cloudjet-kpi/us/3223)','taiga','2018-05-05 11:00:58.278560'),(1101,'Taiga Reporter#0000','FINDERS][#324]V?','taiga','2018-05-05 11:00:58.736453'),(1102,'Taiga Reporter#0000','[#139]Xoá','taiga','2018-05-06 02:31:22.554598'),(1103,'Taiga Reporter#0000','FINDERS][UX][#377]L?i','taiga','2018-05-06 02:31:43.490863'),(1104,'Taiga Reporter#0000','FINDERS][UI][#390]L?i','taiga','2018-05-06 02:31:43.930247'),(1105,'Taiga Reporter#0000','FINDERS][#324]V?','taiga','2018-05-06 02:31:50.845573'),(1106,'Taiga Reporter#0000','FINDERS][#323]L?i','taiga','2018-05-06 02:31:51.282878'),(1107,'Taiga Reporter#0000','FINDERS][#310]','taiga','2018-05-06 02:31:51.723426'),(1108,'Taiga Reporter#0000','FINDERS][#2200][#327]L?i','taiga','2018-05-06 02:31:52.183298'),(1109,'T? Minh#4043','#282','mits-engineering','2018-05-07 01:14:36.818712'),(1110,'Homoske(Qu?c Du?n)#3458','\nToday:\n#','mits-engineering','2018-05-07 01:27:46.165894'),(1111,'Homoske(Qu?c Du?n)#3458','-1h\n#3328','mits-engineering','2018-05-07 01:27:46.609592'),(1112,'Nam Tran#7275',':\n#3345[2018-05-07]','mits-engineering','2018-05-07 01:28:02.805827'),(1113,'Ankita#7985','Done\nToday:\n#Management','mits-engineering','2018-05-07 01:38:45.945543'),(1114,'Ankita#7985','1h\n#Demo','mits-engineering','2018-05-07 01:38:46.399508'),(1115,'Ankita#7985','1h\n#Engineering','mits-engineering','2018-05-07 01:38:46.828604'),(1116,'Ankita#7985','2.5h\n#3285','mits-engineering','2018-05-07 01:38:47.257643'),(1117,'Nguy?n Nguyên#6062','#3022[2018-05-07]','mits-engineering','2018-05-07 02:08:27.392799'),(1118,'Lam#9326','#3327B?','mits-engineering','2018-05-07 02:13:51.843390'),(1119,'Fountainhead#9408','idea:\n\n#ID','innovation-culture','2018-05-07 04:00:07.326131'),(1120,'Fountainhead#9408','solutions:\n\n#ID','innovation-culture','2018-05-07 04:00:07.783718'),(1121,'Fountainhead#9408','\n#ID','innovation-culture','2018-05-07 04:00:08.211543'),(1122,'Nhut Le#0685','#1','innovation-culture','2018-05-07 04:29:36.185534'),(1123,'??c Tu?n (Tu?n)#0416','done\nToday:\n#3351[2018-05-11]','mits-engineering','2018-05-07 05:36:23.261660'),(1124,'Nhung#8123','[#392][#401]https://agile.cloudjet.solutions/project/fountainhead-cloudjet-kpi/issue/3374\n[#395][#404][#406]https://agile.cloudjet.solutions/project/fountainhead-cloudjet-kpi/issue/3375\n[#397][#399[#407]]https://agile.cloudjet.solutions/project/fountainhe','bugs-finders','2018-05-07 06:13:34.044168'),(1125,'Bunp Pham (Dung)#0842','https://docs.google.com/spreadsheets/d/19tuhBTNK2J4Svuk9JqkA0FwO7sG_3YL3zjaLzSYhUJc/edit#gid=1050528471','marketing-workshop','2018-05-07 06:31:29.573487'),(1126,'Nhung#8123','#408','bugs-finders','2018-05-07 07:32:09.719227'),(1127,'Hoàng Tùng#6725','Du?n)#3458','Direct Message with Hoàng Tùng','2018-05-07 09:16:37.215864'),(1128,'HAPPY#6266','Du?n)#3458','Direct Message with Homoske(Qu?c Du?n)','2018-05-07 09:16:39.959096'),(1129,'Nhung#8123','#409','bugs-finders','2018-05-07 10:39:57.713687'),(1130,'Min Min#6468','https://docs.google.com/spreadsheets/d/1FzpiwivUWeHca4_1Xzv6IRqorgxShcmkA4879lXadXw/edit?ts=58afa50c#gid=503544688','accounting-order','2018-05-07 11:34:11.432668'),(1131,'Fountainhead#9408','#80','annoucement','2018-05-07 14:08:10.439934'),(1132,'Fountainhead#9408','#81','annoucement','2018-05-07 14:23:27.224867'),(1133,'Fountainhead#9408','server\nhttp://ask.cloudjetkpi.com/question/63/lam-sao-hotfix-nhanh-1-van-de-cho-production-server/?answer=64#post-id-64','annoucement','2018-05-07 14:23:27.659560'),(1134,'Vi?t H?#6924','done\nToday:\n#3231[BUGS','mits-engineering','2018-05-08 01:51:59.167589'),(1135,'Vi?t H?#6924','FINDERS][UX][#377]L?i','mits-engineering','2018-05-08 01:51:59.617256'),(1136,'Lam#9326','#3310[DevOps]','mits-engineering','2018-05-08 02:07:28.801593'),(1137,'hongphi#1714','#3347','mits-engineering','2018-05-08 02:17:55.316126'),(1138,'hongphi#1714','#3373','mits-engineering','2018-05-08 02:17:55.746317'),(1139,'Hoàng Tùng#6725','#316','mits-engineering','2018-05-08 02:20:20.922072'),(1140,'Nam Tran#7275','#3228[BUGS','mits-engineering','2018-05-08 02:20:54.637916'),(1141,'Nam Tran#7275','FINDERS][UI][#366]Khi','mits-engineering','2018-05-08 02:20:55.095570'),(1142,'Homoske(Qu?c Du?n)#3458','done\nToday:\n#','mits-engineering','2018-05-08 02:21:19.036659'),(1143,'Homoske(Qu?c Du?n)#3458','-1h\n#','mits-engineering','2018-05-08 02:21:19.464928'),(1144,'Homoske(Qu?c Du?n)#3458','/performance/creating/:-1h\n#','mits-engineering','2018-05-08 02:21:19.921690'),(1145,'hpthang88#5608','#3162[2018-05-03]','mits-engineering','2018-05-08 02:22:27.111382'),(1146,'Ankita#7985','Done\nToday:\n#Re-pllan','mits-engineering','2018-05-08 02:24:24.233291'),(1147,'Ankita#7985','1h\n#3285','mits-engineering','2018-05-08 02:24:24.661772'),(1148,'Nam Tran#7275','#410','bugs-finders','2018-05-08 02:32:35.455025'),(1149,'Nam Tran#7275','#411','bugs-finders','2018-05-08 02:34:51.487702'),(1150,'Nam Tran#7275','#411','bugs-finders','2018-05-08 02:35:21.917423'),(1151,'Nhung#8123','#412','bugs-finders','2018-05-08 02:45:25.521034'),(1152,'Hoàng Tùng#6725','#413','bugs-finders','2018-05-08 02:46:48.853290'),(1153,'Nhung#8123','[#410][#411][#413]https://agile.cloudjet.solutions/project/fountainhead-cloudjet-kpi/issue/3383','bugs-finders','2018-05-08 02:50:38.204827'),(1154,'Nhung#8123','#414','bugs-finders','2018-05-08 03:12:59.498691'),(1155,'Duan Huynh#4374','#3352[DHD]','mits-engineering','2018-05-08 03:15:02.958009'),(1156,'Fountainhead#9408','#415','bugs-finders','2018-05-08 03:59:06.469553'),(1157,'Nhung#8123','[#415]https://agile.cloudjet.solutions/project/fountainhead-cloudjet-kpi/issue/3394','bugs-finders','2018-05-08 04:11:10.817928'),(1158,'T? Minh#4043','#211','mits-engineering','2018-05-08 05:14:09.269253'),(1159,'T? Minh#4043','#223','mits-engineering','2018-05-08 05:14:09.719087'),(1160,'XuanDoan#4233','#1','mits','2018-05-08 05:32:14.410300'),(1161,'Min Min#6468','nhé...Thanks\nhttps://docs.google.com/spreadsheets/d/1FzpiwivUWeHca4_1Xzv6IRqorgxShcmkA4879lXadXw/edit?ts=58afa50c#gid=503544688','accounting-order','2018-05-08 06:33:24.954396'),(1162,'Nhung#8123','#416','bugs-finders','2018-05-08 06:41:39.132170'),(1163,'Vi?t H?#6924','#417','bugs-finders','2018-05-08 06:42:52.077904'),(1164,'Nhung#8123','#418','bugs-finders','2018-05-08 07:12:11.536585'),(1165,'Nhung#8123','[#416][#417][#418]https://agile.cloudjet.solutions/project/fountainhead-cloudjet-kpi/issue/3407','bugs-finders','2018-05-08 09:16:54.514257'),(1166,'Taiga Reporter#0000','FINDERS][BUG][#386][#387][#391]](https://agile.cloudjet.solutions/project/fountainhead-cloudjet-kpi/us/3297)','taiga','2018-05-08 11:01:24.161530'),(1167,'Alan#2725','#3','innovation-culture','2018-05-08 16:55:10.239049'),(1168,'XuanDoan#4233','#1','mits','2018-05-09 01:19:52.430464'),(1169,'Ni (Ngân Hà)#9542','#319[UI','mits-engineering','2018-05-09 01:45:06.845825'),(1170,'Hoàng Tùng#6725','#316','mits-engineering','2018-05-09 01:45:34.322771'),(1171,'hpthang88#5608','#3162[2018-05-03]','mits-engineering','2018-05-09 01:45:57.307274'),(1172,'Nguy?n Nguyên#6062','#3245[BUGS','mits-engineering','2018-05-09 01:48:05.374266'),(1173,'Nguy?n Nguyên#6062','FINDERS][UI][#311]','mits-engineering','2018-05-09 01:48:05.805357'),(1174,'hongphi#1714','#3390[V6]','mits-engineering','2018-05-09 02:07:29.241689'),(1175,'hongphi#1714','#3396[V5]','mits-engineering','2018-05-09 02:07:29.681499'),(1176,'Ankita#7985','Done\nToday:\n#Update','mits-engineering','2018-05-09 02:13:18.060700'),(1177,'Ankita#7985','1h\n#3285','mits-engineering','2018-05-09 02:13:18.520894'),(1178,'Nam Tran#7275','\n-#3382[BUGS','mits-engineering','2018-05-09 02:25:43.563219'),(1179,'Nam Tran#7275','FINDERS][BUG][#392]','mits-engineering','2018-05-09 02:25:43.990584'),(1180,'Nam Tran#7275','[#399]','mits-engineering','2018-05-09 02:25:44.448486'),(1181,'Nam Tran#7275','[#401]L?i','mits-engineering','2018-05-09 02:25:44.877668'),(1182,'Homoske(Qu?c Du?n)#3458','\n#','mits-engineering','2018-05-09 02:26:37.802903'),(1183,'Homoske(Qu?c Du?n)#3458','-5h\n#3328','mits-engineering','2018-05-09 02:26:38.260248'),(1184,'Taiga Reporter#0000','FINDERS][UI][#311]','taiga-warning','2018-05-09 03:01:06.910760'),(1185,'Taiga Reporter#0000','FINDERS][BUG][#392]','taiga-warning','2018-05-09 03:01:07.364325'),(1186,'Taiga Reporter#0000','[#399]','taiga-warning','2018-05-09 03:01:07.792166'),(1187,'Taiga Reporter#0000','[#401]L?i','taiga-warning','2018-05-09 03:01:08.248533'),(1188,'T? Minh#4043','#211','mits-engineering','2018-05-09 05:12:33.761951'),(1189,'T? Minh#4043','#223','mits-engineering','2018-05-09 05:12:34.199729'),(1190,'Cereal Killer (Nhi)#5026','#4:','innovation-culture','2018-05-09 08:09:12.006111'),(1191,'Fountainhead#9408','#82','annoucement','2018-05-09 11:02:02.811083'),(1192,'Nam Tran#7275','\n-#3382[BUGS','mits-engineering','2018-05-10 00:59:49.463187'),(1193,'Nam Tran#7275','FINDERS][BUG][#392]','mits-engineering','2018-05-10 00:59:49.921918'),(1194,'Nam Tran#7275','[#399]','mits-engineering','2018-05-10 00:59:50.349694'),(1195,'Nam Tran#7275','[#401]L?i','mits-engineering','2018-05-10 00:59:50.809227'),(1196,'Hoàng Tùng#6725','#157Cloudjet','mits-engineering','2018-05-10 01:06:06.222877'),(1197,'XuanDoan#4233','#1','mits','2018-05-10 01:17:37.439202'),(1198,'??c Tu?n (Tu?n)#0416','Monday:\n#3351[2018-05-11]','mits-engineering','2018-05-10 01:32:03.573537'),(1199,'??c Tu?n (Tu?n)#0416','?i?m\nToday:\n#3351[2018-05-11]','mits-engineering','2018-05-10 01:32:04.004592'),(1200,'Vi?t H?#6924','#3408[GENCO3]','mits-engineering','2018-05-10 01:43:28.564403'),(1201,'Nguy?n Nguyên#6062','#3244[BUGS','mits-engineering','2018-05-10 01:49:24.236133'),(1202,'Nguy?n Nguyên#6062','FINDERS][#304][#305][#306][#309][#312][#314][#318][#320][#325][#326][#328][#341][#343]L?i','mits-engineering','2018-05-10 01:49:24.704962'),(1203,'Duan Huynh#4374','#3296[BUGS','mits-engineering','2018-05-10 01:50:24.778818'),(1204,'Duan Huynh#4374','FINDERS][BUG][#388]L?i','mits-engineering','2018-05-10 01:50:25.213658'),(1205,'Ni (Ngân Hà)#9542','#319[UI','mits-engineering','2018-05-10 01:52:02.089958'),(1206,'Ni (Ngân Hà)#9542','#320[UI','mits-engineering','2018-05-10 01:52:02.528722'),(1207,'Ankita#7985','update\nToday:\n#Update','mits-engineering','2018-05-10 02:14:13.714302'),(1208,'Ankita#7985','1h\n#Continue','mits-engineering','2018-05-10 02:14:14.144059'),(1209,'hpthang88#5608','#3162','mits-engineering','2018-05-10 02:22:03.246418'),(1210,'hongphi#1714','#3402[Yanmar]','mits-engineering','2018-05-10 02:24:56.004934'),(1211,'Lam#9326','#3310[DevOps]','mits-engineering','2018-05-10 06:14:12.205161'),(1212,'Alan#2725','Du?n)#3458','Direct Message with Alan','2018-05-10 08:26:21.680720'),(1213,'HAPPY#6266','Du?n)#3458','Direct Message with Homoske(Qu?c Du?n)','2018-05-10 08:26:24.963727'),(1214,'HAPPY#6266','Du?n)#3458','general','2018-05-10 08:26:28.308304'),(1215,'Taiga Reporter#0000','FINDERS][UI/UX][#357][#360][#36](https://agile.cloudjet.solutions/project/fountainhead-cloudjet-kpi/us/3224)','taiga','2018-05-10 11:00:26.513414'),(1216,'Nhut Le#0685','#remix','random','2018-05-10 14:38:45.827150'),(1217,'Hoàng Tùng#6725','#285[V5]','mits-engineering','2018-05-11 00:35:48.916394'),(1218,'Ni (Ngân Hà)#9542','#320[UI','mits-engineering','2018-05-11 01:42:16.093567'),(1219,'Ankita#7985','done\nToday:\n#Update','mits-engineering','2018-05-11 02:19:59.019859'),(1220,'Ankita#7985','1h\n#Continue','mits-engineering','2018-05-11 02:19:59.480542'),(1221,'??c Tu?n (Tu?n)#0416','Yesterday:\n#3351[2018-05-11]','mits-engineering','2018-05-11 02:20:26.323233'),(1222,'??c Tu?n (Tu?n)#0416','?i?m\nToday:\n#3351[2018-05-11]','mits-engineering','2018-05-11 02:20:26.773729'),(1223,'hongphi#1714','#3402[Yanmar]','mits-engineering','2018-05-11 02:21:40.656134'),(1224,'Vi?t H?#6924','#3408[GENCO3]','mits-engineering','2018-05-11 02:22:24.106375'),(1225,'Fountainhead#9408','#420','bugs-finders','2018-05-11 04:48:41.579723'),(1226,'hongphi#1714','#5','innovation-culture','2018-05-11 05:03:16.319965'),(1227,'Lam#9326','#3310[DevOps]','mits-engineering','2018-05-11 06:55:29.381556'),(1228,'Nhung#8123','#423','bugs-finders','2018-05-11 09:17:28.193879'),(1229,'Nhung#8123','#423','bugs-finders','2018-05-11 09:19:37.972463'),(1230,'Nhung#8123','#422','bugs-finders','2018-05-11 09:24:51.687169'),(1231,'Thiên Toán#0591','#6','innovation-culture','2018-05-11 10:16:24.372635'),(1232,'Vivian (Vân Anh)#2559','Uyen#4066','Direct Message with Vivian (Vân Anh)','2018-05-11 14:58:57.375760'),(1233,'HAPPY#6266','Uyen#4066','general','2018-05-11 14:59:01.679934'),(1234,'Vivian (Vân Anh)#2559','Toán#0591','Direct Message with Vivian (Vân Anh)','2018-05-11 15:01:27.970483'),(1235,'HAPPY#6266','Toán#0591','Direct Message with Thiên Toán','2018-05-11 15:01:31.485712'),(1236,'HAPPY#6266','Toán#0591','general','2018-05-11 15:01:36.425545'),(1237,'Thiên Toán#0591','#7','innovation-culture','2018-05-11 16:38:23.950294'),(1238,'Thiên Toán#0591','#8','innovation-culture','2018-05-11 16:40:12.037900'),(1239,'XuanDoan#4233','#1','mits','2018-05-14 01:11:10.453154'),(1240,'Nam Tran#7275','#3419[URGENT][BUGS','mits-engineering','2018-05-14 01:17:38.577742'),(1241,'Nam Tran#7275','FINDERS][UI][#418]','mits-engineering','2018-05-14 01:17:39.008556'),(1242,'Homoske(Qu?c Du?n)#3458','\n#','mits-engineering','2018-05-14 01:27:20.782792'),(1243,'Homoske(Qu?c Du?n)#3458','1h\n#','mits-engineering','2018-05-14 01:27:21.237022'),(1244,'Homoske(Qu?c Du?n)#3458','2h\n#','mits-engineering','2018-05-14 01:27:21.699315'),(1245,'Homoske(Qu?c Du?n)#3458','4h\n#','mits-engineering','2018-05-14 01:27:22.130415'),(1246,'Duan Huynh#4374','#3296[BUGS','mits-engineering','2018-05-14 02:07:26.631143'),(1247,'Duan Huynh#4374','FINDERS][BUG][#388]L?i','mits-engineering','2018-05-14 02:07:27.066057'),(1248,'Fountainhead#9408','#9','innovation-culture','2018-05-14 02:07:44.336789'),(1249,'Fountainhead#9408','#marketing','innovation-culture','2018-05-14 02:07:44.782014'),(1250,'hongphi#1714','#3402[Yanmar]','mits-engineering','2018-05-14 02:24:50.490742'),(1251,'Bunp Pham (Dung)#0842','https://docs.google.com/spreadsheets/d/1YEC8XCppdVhgx5DDQzMZ2820k4s56S0VNlDs5zoP5W0/edit#gid=1357637531','marketing-workshop','2018-05-14 03:31:52.848202'),(1252,'Bunp Pham (Dung)#0842','https://docs.google.com/spreadsheets/d/1rax_FL7GJ4nKOeq9Qc8LYfWs5WuVtpUaovwGdBPsiKc/edit#gid=1882693979','marketing-workshop','2018-05-14 03:34:30.355473'),(1253,'Ni (Ngân Hà)#9542','Today:\n-#3421[Mobile]','mits-engineering','2018-05-14 04:57:32.409179'),(1254,'??c Tu?n (Tu?n)#0416','done\nToday:\n#3367[SI]','mits-engineering','2018-05-14 05:07:14.559837'),(1255,'XuanDoan#4233','#2','mits','2018-05-15 01:25:30.293717'),(1256,'Vi?t H?#6924','#3399[BUGS','mits-engineering','2018-05-15 01:41:40.869070'),(1257,'Vi?t H?#6924','FINDERS][BUG][#395][#404][#406]L?i','mits-engineering','2018-05-15 01:41:41.291684'),(1258,'Homoske(Qu?c Du?n)#3458','\n#3339-','mits-engineering','2018-05-15 02:05:24.713384'),(1259,'hongphi#1714','#3402[Yanmar]','mits-engineering','2018-05-15 02:18:54.216722'),(1260,'hpthang88#5608','#3162[2018-05-03]','mits-engineering','2018-05-15 02:19:06.624734'),(1261,'Ni (Ngân Hà)#9542','#3421[Mobile]','mits-engineering','2018-05-15 02:23:28.104778'),(1262,'Ankita#7985','Today:\n#Complete','mits-engineering','2018-05-15 02:28:28.135115'),(1263,'Ankita#7985','4h\n#3358','mits-engineering','2018-05-15 02:28:28.592620'),(1264,'Lam#9326','#3443[22/05]','mits-engineering','2018-05-15 02:30:42.340399'),(1265,'Taiga Reporter#0000','FINDERS][BUG][#395][#404][#406]L?i','taiga-warning','2018-05-15 03:01:42.731182'),(1266,'BiscuitWeed (Long)#5116','#423','bugs-finders','2018-05-15 06:20:42.509643'),(1267,'BiscuitWeed (Long)#5116','#424','bugs-finders','2018-05-15 06:28:37.969271'),(1268,'BiscuitWeed (Long)#5116','#425','bugs-finders','2018-05-15 06:30:03.985099'),(1269,'Taiga Reporter#0000','FINDERS][#411][#413][#414]Bug','taiga','2018-05-15 11:00:21.495614'),(1270,'Fountainhead#9408','#83','annoucement','2018-05-21 08:13:39.559484'),(1271,'Fountainhead#9408','#84','annoucement','2018-05-21 08:38:25.639350'),(1272,'Fountainhead#9408','#4:**','annoucement','2018-05-21 08:38:26.076490'),(1273,'Fountainhead#9408','#4,','annoucement','2018-05-21 08:38:26.514065'),(1274,'Fountainhead#9408','#5A**:','annoucement','2018-05-21 08:38:26.949525'),(1275,'Taiga Reporter#0000','FINDERS][#397][#407]','taiga','2018-05-21 11:00:22.677979'),(1276,'Taiga Reporter#0000','[#410]','taiga','2018-05-21 11:00:23.121414'),(1277,'Taiga Reporter#0000','[#399]','taiga','2018-05-21 11:00:23.557262'),(1278,'Taiga Reporter#0000','[#401]trang','taiga','2018-05-21 11:00:23.992296'),(1279,'Taiga Reporter#0000','FINDERS][UI][#418]','taiga','2018-05-21 11:00:24.429971'),(1280,'Fountainhead#9408','#85','annoucement','2018-05-21 15:01:30.425892'),(1281,'T? Minh#4043','#211','mits-engineering','2018-05-22 00:18:56.387997'),(1282,'Duan Huynh#4374','#42[Vinacapital]','mits-engineering','2018-05-22 01:13:11.160446'),(1283,'Fountainhead#9408','#86','annoucement','2018-05-22 01:19:21.159679'),(1284,'Ni (Ngân Hà)#9542','#322','mits-engineering','2018-05-22 01:41:16.158841'),(1285,'Vi?t H?#6924','Today:\n#3399','mits-engineering','2018-05-22 02:13:47.437671'),(1286,'Vi?t H?#6924','FINDERS][BUG][#395][#404][#406]L?i','mits-engineering','2018-05-22 02:13:47.874309'),(1287,'hongphi#1714','#3486[GENCO3]','mits-engineering','2018-05-22 02:19:25.889532'),(1288,'Homoske(Qu?c Du?n)#3458','done\nToday:\n#','mits-engineering','2018-05-22 02:19:36.349065'),(1289,'Homoske(Qu?c Du?n)#3458','1h\n#','mits-engineering','2018-05-22 02:19:36.790434'),(1290,'Homoske(Qu?c Du?n)#3458','(3h)\n#','mits-engineering','2018-05-22 02:19:37.228841'),(1291,'XuanDoan#4233','#1','mits','2018-05-22 02:20:53.561490'),(1292,'hpthang88#5608','#3162[2018-05-03]','mits-engineering','2018-05-22 02:26:39.249053'),(1293,'Thiên Toán#0591','#87','annoucement','2018-05-22 04:15:18.941166'),(1294,'BiscuitWeed (Long)#5116','#426','bugs-finders','2018-05-22 04:25:11.356815'),(1295,'BiscuitWeed (Long)#5116','#427','bugs-finders','2018-05-22 04:34:07.254771'),(1296,'BiscuitWeed (Long)#5116','#428','bugs-finders','2018-05-22 04:44:39.120633'),(1297,'BiscuitWeed (Long)#5116','#429','bugs-finders','2018-05-22 06:10:31.320337'),(1298,'Lam#9326','#3449[22/05]','mits-engineering','2018-05-22 06:18:13.990556'),(1299,'Nhut Le#0685','#testtagging','random','2018-05-22 06:48:06.592235'),(1300,'Homoske(Qu?c Du?n)#3458','`#3339','internal-discussion','2018-05-22 11:15:15.941459'),(1301,'Homoske(Qu?c Du?n)#3458','`#3328','internal-discussion','2018-05-22 11:15:16.378829'),(1302,'Fountainhead#9408','#10.','innovation-culture','2018-05-22 13:04:40.259649'),(1303,'Vi?t H?#6924','#9','innovation-culture','2018-05-22 13:28:21.897176'),(1304,'Captain Zendesk#0000','###','zendesk-support','2018-05-22 15:54:49.889753'),(1305,'Qu?nh Uyên#8301','Tùng.\n.#337[Customer','mits-engineering','2018-05-23 01:00:50.071550'),(1306,'Lam#9326','#3449[22/05]','mits-engineering','2018-05-23 01:01:19.731499'),(1307,'Lam#9326','#107[May','mits-engineering','2018-05-23 01:01:20.200087'),(1308,'Lam#9326','#2391[SPRINT','mits-engineering','2018-05-23 01:01:20.682058'),(1309,'T? Minh#4043','#106','mits-engineering','2018-05-23 01:04:53.939723'),(1310,'T? Minh#4043','#108','mits-engineering','2018-05-23 01:04:54.418673'),(1311,'T? Minh#4043','#223','mits-engineering','2018-05-23 01:04:54.887210'),(1312,'Ni (Ngân Hà)#9542','#322','mits-engineering','2018-05-23 01:11:01.543418'),(1313,'XuanDoan#4233','post#2','mits','2018-05-23 01:16:39.661170'),(1314,'XuanDoan#4233','#2','mits','2018-05-23 01:16:40.134833'),(1315,'Homoske(Qu?c Du?n)#3458','done\nToday:\n#','mits-engineering','2018-05-23 01:24:26.764420'),(1316,'Homoske(Qu?c Du?n)#3458','5h\n#','mits-engineering','2018-05-23 01:24:27.232985'),(1317,'Dinh Tung#7015','#3466','mits-engineering','2018-05-23 01:31:25.128513'),(1318,'Dinh Tung#7015','#2739','mits-engineering','2018-05-23 01:31:25.594582'),(1319,'Dinh Tung#7015','#2739','mits-engineering','2018-05-23 01:31:26.070921'),(1320,'hpthang88#5608','#3162[2018-05-03]','mits-engineering','2018-05-23 01:57:13.338029'),(1321,'hongphi#1714','#3485[GENCO3]','mits-engineering','2018-05-23 02:21:52.205428'),(1322,'??c Tu?n (Tu?n)#0416','#3367[SI]','mits-engineering','2018-05-23 02:29:15.501871'),(1323,'??c Tu?n (Tu?n)#0416','#3351[2018-05-11]','mits-engineering','2018-05-23 02:29:15.949169'),(1324,'Nhut Le#0685','#12','innovation-culture','2018-05-23 02:34:07.178588'),(1325,'Ankita#7985','#88','annoucement','2018-05-23 02:58:57.990145'),(1326,'Ankita#7985','#4,','kaizen','2018-05-23 03:20:25.466396'),(1327,'Duan Huynh#4374','#43[Vinacapital]','mits-engineering','2018-05-23 04:58:51.858147'),(1328,'Nguy?n Nguyên#6062','#3244[BUGS','mits-engineering','2018-05-23 06:10:26.723365'),(1329,'Nguy?n Nguyên#6062','FINDERS][#304][#305][#306][#309][#312][#314][#318][#320][#325][#326][#328][#341][#343]L?i','mits-engineering','2018-05-23 06:10:27.169754'),(1330,'Dinh Tung#7015','#431','bugs-finders','2018-05-23 06:15:22.106664'),(1331,'Hoàng Tùng#6725','#431','bugs-finders','2018-05-23 07:46:23.408132'),(1332,'Hoàng Tùng#6725','#433','bugs-finders','2018-05-23 07:56:11.236099'),(1333,'Dinh Tung#7015','notdone\nToday:\n#2739','mits-engineering','2018-05-23 22:41:58.821237'),(1334,'Dinh Tung#7015','4h\n#','mits-engineering','2018-05-23 22:41:59.233903'),(1335,'VinhVinh#9407','#336[Graphic','mits-engineering','2018-05-24 00:18:01.770827'),(1336,'Qu?nh Uyên#8301','6\n.#337[Customer','mits-engineering','2018-05-24 00:43:29.574236'),(1337,'Homoske(Qu?c Du?n)#3458','\n#','mits-engineering','2018-05-24 01:29:51.456308'),(1338,'Homoske(Qu?c Du?n)#3458','4h\n#','mits-engineering','2018-05-24 01:29:51.994712'),(1339,'T? Minh#4043','#223','mits-engineering','2018-05-24 01:35:46.610878'),(1340,'hpthang88#5608','#3162[2018-05-03]','mits-engineering','2018-05-24 01:43:31.876144'),(1341,'Nhung#8123','#434','bugs-finders','2018-05-24 01:51:07.343099'),(1342,'Nhung#8123','#435','bugs-finders','2018-05-24 01:51:54.230768'),(1343,'Nhung#8123','#436','bugs-finders','2018-05-24 01:53:45.142728'),(1344,'XuanDoan#4233','#2','mits','2018-05-24 02:14:40.848710'),(1345,'hongphi#1714','#3418[BUGS','mits-engineering','2018-05-24 02:17:46.774218'),(1346,'hongphi#1714','FINDERS][BACKEND][BUG][#392]??nh','mits-engineering','2018-05-24 02:17:47.380155'),(1347,'Duan Huynh#4374','#43[Vinacapital]','mits-engineering','2018-05-24 02:18:03.090212'),(1348,'Vi?t H?#6924','#3399','mits-engineering','2018-05-24 02:20:17.330302'),(1349,'Vi?t H?#6924','FINDERS][BUG][#395][#404][#406]L?i','mits-engineering','2018-05-24 02:20:17.895523'),(1350,'Nguy?n Nguyên#6062','#3244[BUGS','mits-engineering','2018-05-24 02:25:39.777524'),(1351,'Nguy?n Nguyên#6062','FINDERS][#304][#305][#306][#309][#312][#314][#318][#320][#325][#326][#328][#341][#343]L?i','mits-engineering','2018-05-24 02:25:41.369632'),(1352,'Nguy?n Nguyên#6062','#3456[Django]','mits-engineering','2018-05-24 02:25:41.966932'),(1353,'Ankita#7985','Today:\n#3285','mits-engineering','2018-05-24 02:26:33.893957'),(1354,'Ankita#7985','4h\n#3359','mits-engineering','2018-05-24 02:26:34.494313'),(1355,'Nhung#8123','l?i:\n#434','bugs-finders','2018-05-24 04:36:32.256253'),(1356,'Nhung#8123','l?i:\n#434','bugs-finders','2018-05-24 04:43:47.856470'),(1357,'Nhung#8123','#435','bugs-finders','2018-05-24 04:44:13.258531'),(1358,'Nhung#8123','#436','bugs-finders','2018-05-24 04:44:29.029638'),(1359,'Nhung#8123','#437','bugs-finders','2018-05-24 07:20:52.859139'),(1360,'Taiga Reporter#0000','FINDERS][UX][#377]L?i','taiga','2018-05-24 11:00:37.597697'),(1361,'Taiga Reporter#0000','FINDERS][UI][#390]L?i','taiga','2018-05-24 11:00:38.006030'),(1362,'Taiga Reporter#0000','FINDERS][BUG][#361](https://agile.cloudjet.solutions/project/fountainhead-cloudjet-kpi/us/3225)','taiga','2018-05-24 11:00:38.420692'),(1363,'Taiga Reporter#0000','FINDERS][BUG][#350]](https://agile.cloudjet.solutions/project/fountainhead-cloudjet-kpi/us/3173)','taiga','2018-05-24 11:00:38.841689'),(1364,'Captain Zendesk#0000','###','zendesk-support','2018-05-24 13:17:38.008165'),(1365,'Qu?nh Uyên#8301','#13','innovation-culture','2018-05-24 18:51:16.677366'),(1366,'??c Tu?n (Tu?n)#0416','\n#3287Fix','mits-engineering','2018-05-24 22:45:53.450475'),(1367,'hpthang88#5608','#3162[2018-05-03]','mits-engineering','2018-05-24 23:52:38.166418'),(1368,'Dinh Tung#7015','notdone\nToday:\n#2739','mits-engineering','2018-05-25 00:21:54.327618'),(1369,'Lam#9326','#2391[SPRINT','mits-engineering','2018-05-25 00:24:25.676321'),(1370,'VinhVinh#9407','#346','mits-engineering','2018-05-25 00:37:16.252641'),(1371,'Hoàng Tùng#6725','#142','mits-engineering','2018-05-25 01:15:44.701625'),(1372,'Homoske(Qu?c Du?n)#3458','done\nToday:\n#','mits-engineering','2018-05-25 01:30:26.592158'),(1373,'Vi?t H?#6924','#3399','mits-engineering','2018-05-25 01:51:14.979641'),(1374,'Vi?t H?#6924','FINDERS][BUG][#395][#404][#406]L?i','mits-engineering','2018-05-25 01:51:15.384393'),(1375,'Nguy?n Nguyên#6062','#3456[Django]','mits-engineering','2018-05-25 02:14:06.288805'),(1376,'T? Minh#4043','#223','mits-engineering','2018-05-25 02:18:27.942653'),(1377,'Ankita#7985','Today:\n#3285','mits-engineering','2018-05-25 02:22:34.866044'),(1378,'Ankita#7985','4h\n#3359','mits-engineering','2018-05-25 02:22:35.390608'),(1379,'hongphi#1714','#3438[v6]','mits-engineering','2018-05-25 02:24:05.231550'),(1380,'Nhut Le#0685','#438','bugs-finders','2018-05-25 03:32:59.563121'),(1381,'Nhut Le#0685','#438','bugs-finders','2018-05-25 03:35:07.041325'),(1382,'Nhung#8123','[#425][[#426][#430][#431]https://agile.cloudjet.solutions/project/fountainhead-cloudjet-kpi/issue/3514\n[#433][#434][#436]https://agile.cloudjet.solutions/project/fountainhead-cloudjet-kpi/issue/3515\n[#427]https://agile.cloudjet.solutions/project/fountainh','bugs-finders','2018-05-25 03:46:37.147167'),(1383,'BiscuitWeed (Long)#5116','#13','innovation-culture','2018-05-25 04:08:57.837958'),(1384,'Thiên Toán#0591','#23','urgent-requests','2018-05-25 04:48:10.771550'),(1385,'Duan Huynh#4374','#43[Vinacapital]','mits-engineering','2018-05-25 05:04:54.493054'),(1386,'Nhut Le#0685','#439','bugs-finders','2018-05-25 06:04:01.662373'),(1387,'Nhung#8123','#440','bugs-finders','2018-05-25 06:15:36.592317'),(1388,'Nhung#8123','#441','bugs-finders','2018-05-25 06:51:25.892045'),(1389,'Nhut Le#0685','#441','bugs-finders','2018-05-25 08:11:30.425166'),(1390,'Nhung#8123','#443','bugs-finders','2018-05-25 08:39:32.644715'),(1391,'Nhung#8123','#444','bugs-finders','2018-05-25 09:20:17.391574'),(1392,'Homoske(Qu?c Du?n)#3458','https://docs.djangoproject.com/en/2.0/topics/testing/overview/#the-test-database','internal-discussion','2018-05-25 10:09:05.148473'),(1393,'Taiga Reporter#0000','#2](https://agile.cloudjet.solutions/project/fountainhead-kpi-workshop-marketing/us/109)','taiga','2018-05-25 11:00:22.250568'),(1394,'Cereal Killer (Nhi)#5026','#','wp-ct','2018-05-27 16:08:50.592422'),(1395,'Cereal Killer (Nhi)#5026','#','wp-ct','2018-05-27 16:08:51.029020'),(1396,'Cereal Killer (Nhi)#5026','#','wp-ct','2018-05-27 16:08:51.466205'),(1397,'Bunp Pham (Dung)#0842','#','wp-ct','2018-05-27 16:46:12.157868'),(1398,'Vi?t H?#6924','#3502','wp-fullstack','2018-05-27 17:39:14.629619'),(1399,'Vi?t H?#6924','#3503','wp-fullstack','2018-05-27 17:39:15.065675'),(1400,'Vi?t H?#6924','#3451','wp-fullstack','2018-05-27 17:39:15.501917'),(1401,'Hoàng Tùng#6725','#129[V6]','mits-engineering','2018-05-27 17:48:58.312832'),(1402,'??c Tu?n (Tu?n)#0416','#3194SI','wp-fullstack','2018-05-27 18:19:26.575043'),(1403,'??c Tu?n (Tu?n)#0416','#3368[SI]','wp-fullstack','2018-05-27 18:19:27.018421'),(1404,'??c Tu?n (Tu?n)#0416','#3519[URGENT]','wp-fullstack','2018-05-27 18:19:31.214903'),(1405,'VinhVinh#9407','#111','mits-engineering','2018-05-27 18:42:28.749407'),(1406,'Qu?nh Uyên#8301','Team\n.#350','mits-engineering','2018-05-27 23:16:24.755625'),(1407,'Qu?nh Uyên#8301','31/5)\n.#348[Atlatssian]','mits-engineering','2018-05-27 23:16:25.196132'),(1408,'BiscuitWeed (Long)#5116','#','wp-management-team','2018-05-28 00:41:05.110663'),(1409,'BiscuitWeed (Long)#5116','#','wp-management-team','2018-05-28 00:41:05.556831'),(1410,'Ni (Ngân Hà)#9542','#351','mits-engineering','2018-05-28 01:48:46.920943'),(1411,'Nh?t Ánh#5832','#Quality','wp-ct','2018-05-28 01:52:51.847079'),(1412,'Nam Tran#7275','FINDERS][UI/UX][#385]L?i','mits-engineering','2018-05-28 02:11:34.281980'),(1413,'Homoske(Qu?c Du?n)#3458','done\nToday:\n#','mits-engineering','2018-05-28 02:17:20.495512'),(1414,'Homoske(Qu?c Du?n)#3458','1h\n#','mits-engineering','2018-05-28 02:17:20.933554'),(1415,'Homoske(Qu?c Du?n)#3458','1h\n#','mits-engineering','2018-05-28 02:17:21.377722'),(1416,'Homoske(Qu?c Du?n)#3458','celery-4h\n#','mits-engineering','2018-05-28 02:17:21.822807'),(1417,'hongphi#1714','#3438[v6]','wp-fullstack','2018-05-28 02:19:20.247121'),(1418,'Nguy?n Nguyên#6062','#3343','wp-fullstack','2018-05-28 02:19:41.892180'),(1419,'hongphi#1714','#3438[v6]','mits-engineering','2018-05-28 02:19:59.919667'),(1420,'Nhut Le#0685','#Quality','wp-ct','2018-05-28 02:26:27.959822'),(1421,'Nhut Le#0685','#','wp-ct','2018-05-28 02:26:28.394929'),(1422,'Fountainhead#9408','#3502','wp-fullstack','2018-05-28 03:03:04.566762'),(1423,'Fountainhead#9408','#3503','wp-fullstack','2018-05-28 03:03:05.006211'),(1424,'Fountainhead#9408','#3451','wp-fullstack','2018-05-28 03:03:05.441410'),(1425,'Fountainhead#9408','#3502','wp-frontend','2018-05-28 03:03:17.269361'),(1426,'Fountainhead#9408','#3503','wp-frontend','2018-05-28 03:03:17.705518'),(1427,'Fountainhead#9408','#3451','wp-frontend','2018-05-28 03:03:18.141050'),(1428,'Fountainhead#9408','#3502','wp-backend','2018-05-28 03:03:38.292231'),(1429,'Fountainhead#9408','#3503','wp-backend','2018-05-28 03:03:38.731655'),(1430,'Fountainhead#9408','#3451','wp-backend','2018-05-28 03:03:39.168252'),(1431,'Fountainhead#9408','#3502','wp-product','2018-05-28 03:03:48.086037'),(1432,'Fountainhead#9408','#3503','wp-product','2018-05-28 03:03:48.523094'),(1433,'Fountainhead#9408','#3451','wp-product','2018-05-28 03:03:48.960813'),(1434,'Fountainhead#9408','#3502','wp-devops','2018-05-28 03:03:56.695650'),(1435,'Fountainhead#9408','#3503','wp-devops','2018-05-28 03:03:57.134145'),(1436,'Fountainhead#9408','#3451','wp-devops','2018-05-28 03:03:57.572766'),(1437,'Fountainhead#9408','#3502','wp-rnd','2018-05-28 03:04:05.624575'),(1438,'Fountainhead#9408','#3503','wp-rnd','2018-05-28 03:04:06.069357'),(1439,'Fountainhead#9408','#3451','wp-rnd','2018-05-28 03:04:06.506141'),(1440,'Nhung#8123','[#440][#442][#444]https://agile.cloudjet.solutions/project/fountainhead-cloudjet-kpi/us/3298\n[#439][#441][#443]https://agile.cloudjet.solutions/project/fountainhead-cloudjet-kpi/issue/3525','bugs-finders','2018-05-28 03:09:36.601951'),(1441,'Cereal Killer (Nhi)#5026','#','wp-management-team','2018-05-28 03:30:30.586796'),(1442,'Cereal Killer (Nhi)#5026','#','wp-management-team','2018-05-28 03:30:30.997909'),(1443,'Cereal Killer (Nhi)#5026','#','wp-management-team','2018-05-28 03:30:31.408008'),(1444,'Hoàng Tùng#6725','https://prod.teamgantt.com/gantt/schedule/?ids=1105465#&ids=1105465&user=&custom=&company=&hide_completed=false&date_filter=&color_filter=','wp-management-team','2018-05-28 04:11:27.546544'),(1445,'??c Tu?n (Tu?n)#0416','done\nToday:\n#3194SI','mits-engineering','2018-05-28 04:50:14.207139'),(1446,'Nguy?n Nguyên#6062','#3523[BUGS','mits-engineering','2018-05-28 05:49:55.486913'),(1447,'Nguy?n Nguyên#6062','FINDERS][BUG][Production][#425][[#426][#430][#431][#438]L?i','mits-engineering','2018-05-28 05:49:55.897296'),(1448,'BiscuitWeed (Long)#5116','#','sales','2018-05-28 08:27:58.578733'),(1449,'BiscuitWeed (Long)#5116','#','sales','2018-05-28 08:27:58.990832'),(1450,'Qu?nh Uyên#8301','#241\n-','mits-engineering','2018-05-28 23:32:39.731873'),(1451,'Qu?nh Uyên#8301','#350\nAnother','mits-engineering','2018-05-28 23:32:40.148379'),(1452,'VinhVinh#9407','#111\n.','mits-engineering','2018-05-29 01:00:01.967661'),(1453,'VinhVinh#9407','#112[May','mits-engineering','2018-05-29 01:00:02.377860'),(1454,'VinhVinh#9407','#2\n.','mits-engineering','2018-05-29 01:00:02.794850'),(1455,'VinhVinh#9407','#353','mits-engineering','2018-05-29 01:00:03.204864'),(1456,'Hoàng Tùng#6725','#289[V5]','mits-engineering','2018-05-29 01:07:06.966525'),(1457,'Ni (Ngân Hà)#9542','#322','mits-engineering','2018-05-29 01:39:04.185164'),(1458,'Ni (Ngân Hà)#9542','#351','mits-engineering','2018-05-29 01:39:04.596420'),(1459,'Nguy?n Nguyên#6062','#3534[BUGS','mits-engineering','2018-05-29 01:45:44.313774'),(1460,'Nguy?n Nguyên#6062','FINDERS][BUG][Production][#427]L?i','mits-engineering','2018-05-29 01:45:44.725859'),(1461,'Vi?t H?#6924','#3502','mits-engineering','2018-05-29 01:55:28.608299'),(1462,'Vi?t H?#6924','#3503','mits-engineering','2018-05-29 01:55:29.019228'),(1463,'Duan Huynh#4374','#43[Vinacapital]','mits-engineering','2018-05-29 02:03:36.512204'),(1464,'Homoske(Qu?c Du?n)#3458','\n#3339','mits-engineering','2018-05-29 02:14:43.209310'),(1465,'T? Minh#4043','#223[V5]','mits-engineering','2018-05-29 02:24:07.820779'),(1466,'hongphi#1714','#3438[v6]','mits-engineering','2018-05-29 02:24:51.532296'),(1467,'Hoàng Tùng#6725','#15','innovation-culture','2018-05-29 02:27:41.391730'),(1468,'Lam#9326','\n#3365Agilebackend','mits-engineering','2018-05-29 04:44:42.565815'),(1469,'Fountainhead#9408','#15','innovation-culture','2018-05-29 10:49:13.124321'),(1470,'Taiga Reporter#0000','#2](https://agile.cloudjet.solutions/project/fountainhead-kpi-workshop-marketing/us/112)','taiga','2018-05-29 11:01:03.655131'),(1471,'Taiga Reporter#0000','#44','taiga','2018-05-29 11:01:04.069864'),(1472,'Taiga Reporter#0000','#42](https://agile.cloudjet.solutions/project/fountainhead-saleup-crm/us/46)','taiga','2018-05-29 11:01:04.482431'),(1473,'Fountainhead#9408','#446','bugs-finders','2018-05-29 11:01:58.183324'),(1474,'Fountainhead#9408','#89','annoucement','2018-05-29 11:21:04.374087'),(1475,'??c Tu?n (Tu?n)#0416','done\nToday:\n#3194SI','mits-engineering','2018-05-29 17:23:42.577197'),(1476,'Hoàng Tùng#6725','#289[V5]','mits-engineering','2018-05-30 00:14:44.830357'),(1477,'XuanDoan#4233','#4','mits','2018-05-30 00:26:56.034506'),(1478,'VinhVinh#9407','#353\n.','mits-engineering','2018-05-30 00:29:35.423890'),(1479,'Homoske(Qu?c Du?n)#3458','\n#3339','mits-engineering','2018-05-30 01:14:50.792604'),(1480,'Qu?nh Uyên#8301','#350\n.','mits-engineering','2018-05-30 01:20:16.126690'),(1481,'Anh Uyen#3690','#4','mits','2018-05-30 01:47:01.060607'),(1482,'hongphi#1714','#3535[KPI','mits-engineering','2018-05-30 02:26:27.880234'),(1483,'hpthang88#5608','#3536[KPI','mits-engineering','2018-05-30 02:27:34.630053'),(1484,'Nhung#8123','#447','bugs-finders','2018-05-30 02:44:08.890814'),(1485,'Nhung#8123','#447','bugs-finders','2018-05-30 02:46:11.792246'),(1486,'Captain Zendesk#0000','#22862167','zendesk-support','2018-05-30 04:08:01.817716'),(1487,'Fountainhead#9408','#1.','timekeeper-feeddback-bug-tracker','2018-05-30 04:10:50.083703'),(1488,'Fountainhead#9408','#2','timekeeper-feeddback-bug-tracker','2018-05-30 04:11:21.794406'),(1489,'Fountainhead#9408','#3','timekeeper-feeddback-bug-tracker','2018-05-30 04:13:24.505226'),(1490,'Fountainhead#9408','#4','timekeeper-feeddback-bug-tracker','2018-05-30 04:14:37.582545'),(1491,'Fountainhead#9408','#5','timekeeper-feedback-bug-tracker','2018-05-30 04:15:55.677851'),(1492,'Duan Huynh#4374','#43[Vinacapital]','mits-engineering','2018-05-30 04:16:04.042740'),(1493,'BiscuitWeed (Long)#5116','#448','bugs-finders','2018-05-30 06:53:32.449953'),(1494,'Cereal Killer (Nhi)#5026','#449','bugs-finders','2018-05-30 09:41:01.543606'),(1495,'Taiga Reporter#0000','[#3444','taiga','2018-05-30 11:00:38.711228'),(1496,'Nh?t Ánh#5832','#16','innovation-culture','2018-05-30 15:23:07.433504'),(1497,'Cereal Killer (Nhi)#5026','#17','innovation-culture','2018-05-30 15:43:51.905755'),(1498,'Nhut Le#0685','workshop...\r\n#18','innovation-culture','2018-05-30 15:49:02.055826'),(1499,'Nhut Le#0685','#16:','innovation-culture','2018-05-30 15:49:02.467303'),(1500,'Nhut Le#0685','#20','innovation-culture','2018-05-30 15:51:25.772405'),(1501,'Cereal Killer (Nhi)#5026','#19','innovation-culture','2018-05-30 17:01:15.169508'),(1502,'Thiên Toán#0591','#20','innovation-culture','2018-05-30 17:24:01.258004'),(1503,'??c Tu?n (Tu?n)#0416','#3368[SI]','mits-engineering','2018-05-30 19:31:45.309225'),(1504,'Nguy?n Nguyên#6062','#3534[BUGS','mits-engineering','2018-05-31 00:45:23.970102'),(1505,'Nguy?n Nguyên#6062','FINDERS][BUG][Production][#427]L?i','mits-engineering','2018-05-31 00:45:27.669838'),(1506,'Nguy?n Nguyên#6062','#3550[V5]','mits-engineering','2018-05-31 00:45:28.931049'),(1507,'T? Minh#4043','done\nToday:\n#285','mits-engineering','2018-05-31 00:59:55.822000'),(1508,'Hoàng Tùng#6725','#289[V5]','mits-engineering','2018-05-31 01:13:00.910011'),(1509,'Hoàng Tùng#6725','#289[V5]','mits-engineering','2018-05-31 01:13:01.361615'),(1510,'Vi?t H?#6924','done\nToday:\n-#3451','mits-engineering','2018-05-31 01:53:36.029100'),(1511,'Lam#9326','\n#3365Agilebackend','mits-engineering','2018-05-31 02:05:35.862033'),(1512,'Duan Huynh#4374','#43[Vinacapital]','mits-engineering','2018-05-31 02:11:12.341576'),(1513,'hongphi#1714','#3535[KPI','mits-engineering','2018-05-31 02:13:58.908715'),(1514,'hpthang88#5608','#3536','mits-engineering','2018-05-31 02:21:58.152586'),(1515,'Nhung#8123','#450','bugs-finders','2018-05-31 04:02:12.628873'),(1516,'Nhung#8123','#451','bugs-finders','2018-05-31 04:02:58.654041'),(1517,'Nh?t Ánh#5832','#1','timekeeper-feedback-bug-tracker','2018-05-31 05:11:00.776007'),(1518,'BiscuitWeed (Long)#5116','#21','innovation-culture','2018-05-31 07:53:09.703606'),(1519,'Fountainhead#9408','#90','annoucement','2018-05-31 08:48:54.128249'),(1520,'Fountainhead#9408','#86','annoucement','2018-05-31 08:48:54.566433'),(1521,'Fountainhead#9408','\n\nhttps://cloudjet.atlassian.net/wiki/plugins/servlet/mobile#content/view/207880193\n\nTeam','annoucement','2018-05-31 08:48:55.026450'),(1522,'Taiga Reporter#0000','[#369A]','taiga','2018-05-31 11:01:17.847576'),(1523,'Taiga Reporter#0000','FINDERS][#304][#305][#306][#309][#312][#314]](https://agile.cloudjet.solutions/project/fountainhead-cloudjet-kpi/us/3244)','taiga','2018-05-31 11:01:18.287004'),(1524,'Taiga Reporter#0000','FINDERS][BUG][#388]L?i','taiga','2018-05-31 11:01:18.727193'),(1525,'Taiga Reporter#0000','FINDERS][#440][#442][#444]L?i','taiga','2018-05-31 11:01:19.176180'),(1526,'Taiga Reporter#0000','FINDERS][BACKEND][BUG][#392]??nh','taiga','2018-05-31 11:01:19.641359'),(1527,'Taiga Reporter#0000','FINDERS][BUG][Production][#425][[#426][#430]](https://agile.cloudjet.solutions/project/fountainhead-cloudjet-kpi/us/3523)','taiga','2018-05-31 11:01:20.095080'),(1528,'hpthang88#5608','#452','bugs-finders','2018-05-31 12:00:16.538033'),(1529,'Alan#2725','<#451235857303863298>','hrm-reports-biweekly','2018-05-31 12:06:27.754334'),(1530,'Hoàng Tùng#6725','#289[V5]','mits-engineering','2018-05-31 20:26:26.893536'),(1531,'Hoàng Tùng#6725','#289[V5]','mits-engineering','2018-05-31 20:26:27.335074'),(1532,'VinhVinh#9407','#362','mits-engineering','2018-06-01 01:05:08.611242'),(1533,'Nam Tran#7275','#3413[BUG','mits-engineering','2018-06-01 01:24:51.156402'),(1534,'Nam Tran#7275','FINDER][#416][#417]','mits-engineering','2018-06-01 01:24:51.601102'),(1535,'Lam#9326','\n#3365Agilebackend','mits-engineering','2018-06-01 01:47:38.093130'),(1536,'Homoske(Qu?c Du?n)#3458','done\nToday:\n#3339-document','mits-engineering','2018-06-01 01:48:20.061261'),(1537,'Homoske(Qu?c Du?n)#3458','4h\n#3328:','mits-engineering','2018-06-01 01:48:20.500757'),(1538,'hpthang88#5608','#3536[KPI','mits-engineering','2018-06-01 01:57:52.263374'),(1539,'Vi?t H?#6924','done\nToday:\n-#3451','mits-engineering','2018-06-01 02:01:11.470523'),(1540,'hongphi#1714','#3535[KPI','mits-engineering','2018-06-01 02:21:09.190685'),(1541,'Alan#2725','#453','bugs-finders','2018-06-01 03:33:33.361967'),(1542,'Duan Huynh#4374','done\nToday\n-#49[Vinacapital]','mits-engineering','2018-06-01 05:37:09.747109'),(1543,'Nhung#8123','#454','bugs-finders','2018-06-01 07:06:54.161027'),(1544,'Nhung#8123','#455','bugs-finders','2018-06-01 07:12:21.586671'),(1545,'Nhung#8123','#456','bugs-finders','2018-06-01 07:22:07.029325'),(1546,'Nhung#8123','#472','bugs-finders','2018-06-04 10:30:36.166833'),(1547,'Nam Tran#7275','Toán#0591','Direct Message with Nam Tran','2018-06-04 11:24:46.662972'),(1548,'HAPPY#6266','Toán#0591','general','2018-06-04 11:24:51.268916'),(1549,'Hoàng Tùng#6725','#129[V6]','mits-engineering','2018-06-05 01:14:32.763619'),(1550,'Homoske(Qu?c Du?n)#3458','done\nToday:\n#','mits-engineering','2018-06-05 01:23:08.634031'),(1551,'Homoske(Qu?c Du?n)#3458','2h\n#','mits-engineering','2018-06-05 01:23:09.047573'),(1552,'Vi?t H?#6924','#3451[05-06-2018]','mits-engineering','2018-06-05 01:40:44.437902'),(1553,'XuanDoan#4233','#1','mits','2018-06-05 01:43:20.941931'),(1554,'VinhVinh#9407','#3\n.','mits-engineering','2018-06-05 01:56:53.661887'),(1555,'VinhVinh#9407','#365[HR]','mits-engineering','2018-06-05 01:56:54.072499'),(1556,'VinhVinh#9407','#366[HR]','mits-engineering','2018-06-05 01:56:54.482620'),(1557,'VinhVinh#9407','#367','mits-engineering','2018-06-05 01:56:54.893664'),(1558,'Dinh Tung#7015','#3526[05-06-2018]','mits-engineering','2018-06-05 02:07:57.486356'),(1559,'Dinh Tung#7015','FINDERS][#439][#441][#443]L?i','mits-engineering','2018-06-05 02:07:57.917299'),(1560,'Nhung#8123','#472','bugs-finders','2018-06-05 02:24:40.766008'),(1561,'Nam Tran#7275','#3576[v6]','mits-engineering','2018-06-05 02:25:21.792598'),(1562,'hpthang88#5608','#3536[KPI','mits-engineering','2018-06-05 02:26:02.681111'),(1563,'Lam#9326','#3365[01-06-2018]','mits-engineering','2018-06-05 02:29:55.820439'),(1564,'Lam#9326','#3449[22/05]','mits-engineering','2018-06-05 02:29:56.230672'),(1565,'Taiga Reporter#0000','FINDERS][#457][#461]Bug','taiga','2018-06-05 02:31:12.165224'),(1566,'Taiga Reporter#0000','FINDERS][#448][#460][#462][#463]Bug','taiga','2018-06-05 02:31:12.574994'),(1567,'Taiga Reporter#0000','FINDERS][MOBILE][#458][#459][#464]L?i','taiga','2018-06-05 02:31:12.985228'),(1568,'Taiga Reporter#0000','FINDERS][BETA][#451][#453][#456]lL?i','taiga','2018-06-05 02:31:13.395272'),(1569,'Taiga Reporter#0000','FINDERS][#452]Page','taiga','2018-06-05 02:31:13.806405'),(1570,'Taiga Reporter#0000','FINDERS][#449][#450][#454][#455]Bug','taiga','2018-06-05 02:31:17.399293'),(1571,'Taiga Reporter#0000','FINDERS][UI][Production][#433][#434][#436]L?i','taiga','2018-06-05 02:31:22.691168'),(1572,'Taiga Reporter#0000','[#139]Xoá','taiga','2018-06-05 02:31:38.210110'),(1573,'Taiga Reporter#0000','FINDERS][UI][Production][#433][#434][#436]L?i','taiga','2018-06-05 02:32:03.138418'),(1574,'Taiga Reporter#0000','[#419]','taiga','2018-06-05 02:32:03.551708'),(1575,'Taiga Reporter#0000','FINDERS][UI][#418]','taiga','2018-06-05 02:32:03.961704'),(1576,'Taiga Reporter#0000','FINDERS][#415]Bug','taiga','2018-06-05 02:32:04.371942'),(1577,'Taiga Reporter#0000','FINDERS][#324]V?','taiga','2018-06-05 02:32:04.782977'),(1578,'Vivian (Vân Anh)#2559','18fsRx#*5r06\n\n----\n\nThis','knowledge-base','2018-06-05 10:34:46.184843'),(1579,'Vivian (Vân Anh)#2559','18fsRx#*5r06','knowledge-base','2018-06-05 10:34:46.595281'),(1580,'Vi?t H?#6924','`18fsRx#5r06`','knowledge-base','2018-06-05 10:57:42.422252'),(1581,'Vi?t H?#6924','`18fsRx#*5r06`','knowledge-base','2018-06-05 10:58:09.639235'),(1582,'XuanDoan#4233','#1','mits','2018-06-06 01:43:58.844885'),(1583,'Ankita#7985','Today:\n#Functional','mits-engineering','2018-06-06 02:01:16.827908'),(1584,'Ankita#7985','3h\n#3455','mits-engineering','2018-06-06 02:01:17.237808'),(1585,'Dinh Tung#7015','yesterday:\ndone\nToday:\n#3593[Mobile]','mits-engineering','2018-06-06 02:24:00.452967'),(1586,'hongphi#1714','#3577[v6]','mits-engineering','2018-06-06 02:24:26.859199'),(1587,'Taiga Reporter#0000','FINDERS][#473]L?i','taiga','2018-06-06 02:30:19.516911'),(1588,'Taiga Reporter#0000','FINDERS][BETA][#469][#471]Khi','taiga','2018-06-06 02:30:19.927032'),(1589,'Taiga Reporter#0000','FINDERS][BETA][#467][#468][#472][#474]L?i','taiga','2018-06-06 02:30:20.337279'),(1590,'Taiga Reporter#0000','FINDERS][UI][#446]Avatar','taiga','2018-06-06 02:30:20.747087'),(1591,'Taiga Reporter#0000','FINDERS][#457][#461][#465]Bug','taiga','2018-06-06 02:30:24.630513'),(1592,'Taiga Reporter#0000','FINDERS][#445][#460][#462][#463]Bug','taiga','2018-06-06 02:30:25.047075'),(1593,'Taiga Reporter#0000','FINDERS][MOBILE][#458][#459][#464]L?i','taiga','2018-06-06 02:30:25.458454'),(1594,'Taiga Reporter#0000','FINDERS][BETA][#451][#453][#456]lL?i','taiga','2018-06-06 02:30:25.869270'),(1595,'Taiga Reporter#0000','FINDERS][#452]Page','taiga','2018-06-06 02:30:26.280151'),(1596,'Taiga Reporter#0000','FINDERS][#449][#450][#454][#455]Bug','taiga','2018-06-06 02:30:29.774881'),(1597,'Taiga Reporter#0000','FINDERS][UI][Production][#433][#434][#436]L?i','taiga','2018-06-06 02:30:34.923697'),(1598,'Taiga Reporter#0000','[#139]Xoá','taiga','2018-06-06 02:30:50.333811'),(1599,'Taiga Reporter#0000','FINDERS][UI][Production][#433][#434][#436]L?i','taiga','2018-06-06 02:31:14.392978'),(1600,'Taiga Reporter#0000','[#419]','taiga','2018-06-06 02:31:14.807303'),(1601,'Taiga Reporter#0000','FINDERS][UI][#418]','taiga','2018-06-06 02:31:15.219928'),(1602,'Taiga Reporter#0000','FINDERS][#415]Bug','taiga','2018-06-06 02:31:15.630175'),(1603,'Taiga Reporter#0000','FINDERS][#324]V?','taiga','2018-06-06 02:31:16.040360'),(1604,'Homoske(Qu?c Du?n)#3458','#475:','bugs-finders','2018-06-06 02:44:18.075929'),(1605,'Hoàng Tùng#6725','#477','bugs-finders','2018-06-06 02:44:39.720378'),(1606,'Homoske(Qu?c Du?n)#3458','#478:','bugs-finders','2018-06-06 02:48:31.520705'),(1607,'Vivian (Vân Anh)#2559','#479:','bugs-finders','2018-06-06 03:11:00.690949'),(1608,'BiscuitWeed (Long)#5116','https://docs.google.com/spreadsheets/d/1pZmDoHsCKtyvcApHK3KmbatuSzyrhxrI73OX-78PyYg/edit#gid=250669515','general-management','2018-06-06 03:52:44.951403'),(1609,'Duan Huynh#4374','#43[Vinacapital]','mits-engineering','2018-06-06 05:17:06.452795'),(1610,'Nhut Le#0685','https://invis.io/4JK2BJHDKGA#/300883954_Trang__Danh_Sa-ch_Co-ng_Vie--c_','todo','2018-06-06 07:24:50.835400'),(1611,'BiscuitWeed (Long)#5116','https://docs.google.com/spreadsheets/d/1GmRnjEWRPk0eRM9dXDa0wgjgIyR1YjsEYuauaeJjTtg/edit?pli=1#gid=312740684','sales','2018-06-06 09:10:21.868630'),(1612,'Taiga Reporter#0000','#1](https://agile.cloudjet.solutions/project/fountainhead-saleup-crm/us/6)','taiga','2018-06-06 11:00:56.025419'),(1613,'Captain Hook#0000','#','timekeeping-alert-staging','2018-06-06 17:34:53.248917'),(1614,'Captain Hook#0000','#','timekeeping-alert-staging','2018-06-06 17:36:12.472020'),(1615,'Captain Hook#0000','#','timekeeping-alert-staging','2018-06-06 17:54:47.807427'),(1616,'Captain Hook#0000','#','timekeeping-alert-staging','2018-06-06 18:06:30.365870'),(1617,'??c Tu?n (Tu?n)#0416','done\nToday:\n#3343[2018-05-11]','mits-engineering','2018-06-06 18:13:33.010333'),(1618,'VinhVinh#9407','#366[HR]','mits-engineering','2018-06-07 01:07:26.262611'),(1619,'Homoske(Qu?c Du?n)#3458',':\n#3356','mits-engineering','2018-06-07 01:28:30.481647'),(1620,'Homoske(Qu?c Du?n)#3458','4h\n#','mits-engineering','2018-06-07 01:28:30.891961'),(1621,'Nam Tran#7275','#3592[v6]','mits-engineering','2018-06-07 01:30:37.722058'),(1622,'Lam#9326','#3561[Sprint','mits-engineering','2018-06-07 01:33:55.832891'),(1623,'Vi?t H?#6924','#3574[Sprint','mits-engineering','2018-06-07 01:43:56.135472'),(1624,'Vi?t H?#6924','#3607[BUGS','mits-engineering','2018-06-07 01:43:56.545782'),(1625,'Vi?t H?#6924','FINDERS][UI][Production][#433][#434][#436]L?i','mits-engineering','2018-06-07 01:43:56.957039'),(1626,'Nguy?n Nguyên#6062','#3575[07-06-2018]','mits-engineering','2018-06-07 01:55:07.415933'),(1627,'Duan Huynh#4374','#49[Vinacapital]','mits-engineering','2018-06-07 01:59:30.297444'),(1628,'Ankita#7985','Done\nToday:\n#3455','mits-engineering','2018-06-07 02:12:10.953436'),(1629,'Ankita#7985','day\n#Meeting','mits-engineering','2018-06-07 02:12:11.363723'),(1630,'Taiga Reporter#0000','[#139]Xoá','taiga','2018-06-07 02:31:35.894096'),(1631,'Taiga Reporter#0000','[#419]','taiga','2018-06-07 02:31:56.891620'),(1632,'Taiga Reporter#0000','FINDERS][UI][#418]','taiga','2018-06-07 02:31:57.303789'),(1633,'Taiga Reporter#0000','FINDERS][#415]Bug','taiga','2018-06-07 02:31:57.714051'),(1634,'Taiga Reporter#0000','FINDERS][#323]L?i','taiga','2018-06-07 02:31:58.125107'),(1635,'Taiga Reporter#0000','FINDERS][#310]','taiga','2018-06-07 02:31:58.536953'),(1636,'Taiga Reporter#0000','FINDERS][#2200][#327]L?i','taiga','2018-06-07 02:31:58.953593'),(1637,'Anh Uyen#3690','#480:','bugs-finders','2018-06-07 04:26:47.259808'),(1638,'Anh Uyen#3690','<#380967177752281090>','bugs-finders','2018-06-07 04:35:19.434361'),(1639,'Anh Uyen#3690','#workshop_tracker','bugs-finders','2018-06-07 04:35:19.848941'),(1640,'Ni (Ngân Hà)#9542',':\nhttps://paper.dropbox.com/doc/V6-To-Do-List-Features-v.2-FA6fAYh3D6yURRjdeJhkl#:h2=**-Khi-%C4%91%C6%B0%E1%BB%A3c-ph%C3%A2n-c%C3%B4ng-task-m%E1%BB%9Bi','todo','2018-06-07 05:24:42.095379'),(1641,'Fountainhead#9408','#93','annoucement','2018-06-07 06:12:10.150307'),(1642,'BiscuitWeed (Long)#5116','#481','bugs-finders','2018-06-07 07:03:46.444943'),(1643,'Thiên Toán#0591','#25','innovation-culture','2018-06-07 10:08:39.418974'),(1644,'Min Min#6468','#4','timekeeper-feedback-bug-tracker','2018-06-07 10:08:53.197728'),(1645,'Taiga Reporter#0000','FINDERS][BUG][#395]](https://agile.cloudjet.solutions/project/fountainhead-cloudjet-kpi/us/3399)','taiga','2018-06-07 11:01:17.170598'),(1646,'Taiga Reporter#0000','FINDER][#416][#417]','taiga','2018-06-07 11:01:17.580288'),(1647,'Taiga Reporter#0000','FINDERS][BUG][Production][#427]L](https://agile.cloudjet.solutions/project/fountainhead-cloudjet-kpi/us/3534)','taiga','2018-06-07 11:01:17.991550'),(1648,'Vivian (Vân Anh)#2559','#5','timekeeper-feedback-bug-tracker','2018-06-07 14:16:39.135661'),(1649,'Dinh Tung#7015','(4h)\n#3459[Django]','mits-engineering','2018-06-07 17:09:07.781289'),(1650,'Happy Working Life#0000','**#','staging-hrm','2018-06-07 17:43:12.131053'),(1651,'Happy Working Life#0000','**#','staging-hrm','2018-06-07 17:43:26.791822'),(1652,'Happy Working Life#0000','**#','staging-hrm','2018-06-07 17:43:55.960095'),(1653,'Happy Working Life#0000','**#','staging-hrm','2018-06-07 17:44:18.073115'),(1654,'Happy Working Life#0000','**#','staging-hrm','2018-06-07 17:44:30.837806'),(1655,'Happy Working Life#0000','**#','engineering-time-keeping','2018-06-07 17:51:14.857865'),(1656,'Happy Working Life#0000','**#','engineering-time-keeping','2018-06-07 17:55:39.367299'),(1657,'Happy Working Life#0000','**#','engineering-time-keeping','2018-06-07 17:56:19.662218'),(1658,'Happy Working Life#0000','**#','staging-hrm','2018-06-07 17:59:03.281306'),(1659,'Happy Working Life#0000','**#','staging-hrm','2018-06-07 18:10:23.544654'),(1660,'Happy Working Life#0000','**#','engineering-time-keeping','2018-06-07 18:21:37.500915'),(1661,'Happy Working Life#0000','**#','engineering-time-keeping','2018-06-07 23:33:21.804630'),(1662,'Happy Working Life#0000','**#','engineering-time-keeping','2018-06-08 00:12:06.365672'),(1663,'Nam Tran#7275','#3592[v6]','mits-engineering','2018-06-08 00:25:41.788292'),(1664,'Hoàng Tùng#6725','#129[V6]','mits-engineering','2018-06-08 00:27:53.623511'),(1665,'Hoàng Tùng#6725','#324[V6]','mits-engineering','2018-06-08 00:27:54.033567'),(1666,'VinhVinh#9407','#366','mits-engineering','2018-06-08 00:43:58.426008'),(1667,'Happy Working Life#0000','**#','engineering-time-keeping','2018-06-08 00:44:26.782854'),(1668,'Happy Working Life#0000','**#','engineering-time-keeping','2018-06-08 00:47:39.139990'),(1669,'Vivian (Vân Anh)#2559','#6','timekeeper-feedback-bug-tracker','2018-06-08 00:49:22.299162'),(1670,'Nguy?n Nguyên#6062','#3575','mits-engineering','2018-06-08 01:01:38.648043'),(1671,'Happy Working Life#0000','**#','engineering-time-keeping','2018-06-08 01:10:25.732818'),(1672,'Happy Working Life#0000','**#','engineering-time-keeping','2018-06-08 01:14:46.713511'),(1673,'Happy Working Life#0000','**#','engineering-time-keeping','2018-06-08 01:49:32.963233'),(1674,'Happy Working Life#0000','**#','engineering-time-keeping','2018-06-08 01:54:33.157387'),(1675,'Cereal Killer (Nhi)#5026','Hà)#9542','Direct Message with Cereal Killer (Nhi)','2018-06-08 01:54:58.833803'),(1676,'HAPPY#6266','Hà)#9542','general','2018-06-08 01:55:02.936647'),(1677,'Happy Working Life#0000','**#','engineering-time-keeping','2018-06-08 01:55:22.987935'),(1678,'Happy Working Life#0000','**#','engineering-time-keeping','2018-06-08 01:55:29.095944'),(1679,'Happy Working Life#0000','**#','engineering-time-keeping','2018-06-08 02:12:40.236974'),(1680,'Happy Working Life#0000','**#','engineering-time-keeping','2018-06-08 02:12:51.457771'),(1681,'Happy Working Life#0000','**#','engineering-time-keeping','2018-06-08 02:12:54.961958'),(1682,'Ankita#7985','\n#3455','mits-engineering','2018-06-08 02:15:22.550202'),(1683,'Happy Working Life#0000','**#','engineering-time-keeping','2018-06-08 02:23:41.205296'),(1684,'Happy Working Life#0000','**#','engineering-time-keeping','2018-06-08 02:25:01.533403'),(1685,'Homoske(Qu?c Du?n)#3458',':\n#3356','mits-engineering','2018-06-08 02:25:43.870977'),(1686,'Happy Working Life#0000','**#','engineering-time-keeping','2018-06-08 02:28:42.978427'),(1687,'Taiga Reporter#0000','[#139]Xoá','taiga','2018-06-08 02:31:47.214643'),(1688,'Taiga Reporter#0000','[#419]','taiga','2018-06-08 02:32:13.647010'),(1689,'Taiga Reporter#0000','FINDERS][#323]L?i','taiga','2018-06-08 02:32:14.057094'),(1690,'Taiga Reporter#0000','FINDERS][#310]','taiga','2018-06-08 02:32:14.466955'),(1691,'Taiga Reporter#0000','FINDERS][#2200][#327]L?i','taiga','2018-06-08 02:32:14.878640'),(1692,'Happy Working Life#0000','**#','engineering-time-keeping','2018-06-08 02:37:11.578592'),(1693,'Happy Working Life#0000','**#','engineering-time-keeping','2018-06-08 02:53:20.921474'),(1694,'hpthang88#5608','#26','innovation-culture','2018-06-08 02:58:56.590092'),(1695,'Happy Working Life#0000','**#','company-time-keeping','2018-06-08 03:16:52.390238'),(1696,'Happy Working Life#0000','**#','company-time-keeping','2018-06-08 03:23:40.292401'),(1697,'Nh?t Ánh#5832','#6','timekeeper-feedback-bug-tracker','2018-06-08 03:25:07.848459'),(1698,'Happy Working Life#0000','**#','company-time-keeping','2018-06-08 03:27:29.155848'),(1699,'Happy Working Life#0000','**#','company-time-keeping','2018-06-08 03:27:52.892738'),(1700,'Happy Working Life#0000','**#','company-time-keeping','2018-06-08 03:28:14.004022'),(1701,'Happy Working Life#0000','**#','company-time-keeping','2018-06-08 03:28:22.662937'),(1702,'Nhut Le#0685','\nhttps://docs.google.com/spreadsheets/d/1ciC6s3WS37XhLFPhEqqcTgFm94ql26auH7-TELotiH4/edit#gid=0','culture-building','2018-06-08 03:43:43.741026'),(1703,'Happy Working Life#0000','**#','company-time-keeping','2018-06-08 03:46:29.764742'),(1704,'Happy Working Life#0000','**#','company-time-keeping','2018-06-08 04:02:52.671958'),(1705,'Happy Working Life#0000','**#','company-time-keeping','2018-06-08 04:03:22.485803'),(1706,'Happy Working Life#0000','**#','company-time-keeping','2018-06-08 04:31:22.776837'),(1707,'Anh Uyen#3690','#kpi_tracker','sales','2018-06-08 05:09:57.696728'),(1708,'Duan Huynh#4374','#49[Vinacapital]','mits-engineering','2018-06-08 05:28:01.220306'),(1709,'Lam#9326','#3561[Sprint','mits-engineering','2018-06-08 05:45:20.670269'),(1710,'Fountainhead#9408','\r\nhttps://agilebackend.herokuapp.com/report/\r\n\r\n#build-with-passion','system-integration','2018-06-08 05:59:03.725914'),(1711,'BiscuitWeed (Long)#5116','#2116','Direct Message with BiscuitWeed (Long)','2018-06-08 06:09:34.766620'),(1712,'Gia Uyen#4066','#7','timekeeper-feedback-bug-tracker','2018-06-08 06:33:53.097629'),(1713,'Happy Working Life#0000','**#','company-time-keeping','2018-06-08 06:40:37.648264'),(1714,'Happy Working Life#0000','**#','company-time-keeping','2018-06-08 06:41:41.672638'),(1715,'Happy Working Life#0000','**#','company-time-keeping','2018-06-08 06:45:31.594199'),(1716,'HAPPY#6266','#general.','general','2018-06-08 06:49:16.318300'),(1717,'Bunp Pham (Dung)#0842','\nhttps://docs.google.com/spreadsheets/d/1rax_FL7GJ4nKOeq9Qc8LYfWs5WuVtpUaovwGdBPsiKc/edit#gid=1178008844','marketing-workshop','2018-06-08 08:06:18.437561'),(1718,'hpthang88#5608','https://docs.google.com/spreadsheets/d/1zKInFu5Dw_uBaCASUbzmwrGyXaDKaUknyccWgSQ2vd8/edit#gid=0\nDesign:','dxg-1','2018-06-08 09:06:56.797299'),(1719,'Taiga Reporter#0000','#1](https://agile.cloudjet.solutions/project/fountainhead-kpi-workshop-marketing/us/114)','taiga','2018-06-08 11:01:07.398052'),(1720,'Taiga Reporter#0000','[#139]Xoá','taiga','2018-06-09 02:30:45.879108'),(1721,'Taiga Reporter#0000','FINDERS][MOBILE][#458][#459][#464]L?i','taiga','2018-06-09 02:31:11.901099'),(1722,'Taiga Reporter#0000','FINDERS][#449][#450][#454][#455]Bug','taiga','2018-06-09 02:31:12.311475'),(1723,'Taiga Reporter#0000','[#419]','taiga','2018-06-09 02:31:12.722951'),(1724,'Taiga Reporter#0000','FINDERS][#323]L?i','taiga','2018-06-09 02:31:13.133790'),(1725,'Taiga Reporter#0000','FINDERS][#310]','taiga','2018-06-09 02:31:13.543827'),(1726,'Taiga Reporter#0000','FINDERS][#2200][#327]L?i','taiga','2018-06-09 02:31:13.954383'),(1727,'Happy Working Life#0000','**#','company-time-keeping','2018-06-09 03:20:19.212946'),(1728,'Happy Working Life#0000','**#','company-time-keeping','2018-06-09 03:20:29.147370'),(1729,'Taiga Reporter#0000','[#139]Xoá','taiga','2018-06-10 02:30:43.863325'),(1730,'Taiga Reporter#0000','FINDER][#481]K?t','taiga','2018-06-10 02:31:04.718207'),(1731,'Taiga Reporter#0000','FINDERS][MOBILE][#458][#459][#464]L?i','taiga','2018-06-10 02:31:05.131110'),(1732,'Taiga Reporter#0000','FINDERS][#449][#450][#454][#455]Bug','taiga','2018-06-10 02:31:05.543880'),(1733,'Taiga Reporter#0000','[#419]','taiga','2018-06-10 02:31:05.954981'),(1734,'Taiga Reporter#0000','FINDERS][#323]L?i','taiga','2018-06-10 02:31:06.369722'),(1735,'Taiga Reporter#0000','FINDERS][#310]','taiga','2018-06-10 02:31:06.785579'),(1736,'Taiga Reporter#0000','FINDERS][#2200][#327]L?i','taiga','2018-06-10 02:31:07.196244'),(1737,'Fountainhead#9408','#27','innovation-culture','2018-06-10 04:11:46.887384'),(1738,'Fountainhead#9408','#28','innovation-culture','2018-06-10 04:17:10.699019'),(1739,'Duan Huynh#4374','#41[Vinacapital]','wp-fullstack','2018-06-10 13:28:46.602721'),(1740,'Duan Huynh#4374','#40[Vinacapital]','wp-fullstack','2018-06-10 13:28:47.013358'),(1741,'Nh?t Ánh#5832','#Quality','wp-ct','2018-06-10 14:25:47.645731'),(1742,'BiscuitWeed (Long)#5116','#','wp-management-team','2018-06-10 14:41:16.903046'),(1743,'BiscuitWeed (Long)#5116','#','wp-management-team','2018-06-10 14:41:17.313604'),(1744,'BiscuitWeed (Long)#5116','#','wp-sales-marketing','2018-06-10 14:44:56.824324'),(1745,'BiscuitWeed (Long)#5116','#','wp-sales-marketing','2018-06-10 14:44:57.234190'),(1746,'BiscuitWeed (Long)#5116','#','wp-sales-marketing','2018-06-10 14:44:57.643653'),(1747,'Cereal Killer (Nhi)#5026','#','wp-ct','2018-06-10 15:59:31.802994'),(1748,'Cereal Killer (Nhi)#5026','#','wp-ct','2018-06-10 15:59:32.213381'),(1749,'Cereal Killer (Nhi)#5026','#','wp-ct','2018-06-10 15:59:32.622852'),(1750,'Dinh Tung#7015','Todo:\n-#3459[Sprint','wp-frontend','2018-06-10 16:28:09.035842'),(1751,'Dinh Tung#7015','\n-#3571[BUGS','wp-frontend','2018-06-10 16:28:09.445375'),(1752,'Dinh Tung#7015','FINDERS][MOBILE][#458][#459][#464]L?i','wp-frontend','2018-06-10 16:28:09.855153'),(1753,'Dinh Tung#7015','mobile\n-#3593[06-06-2018]','wp-frontend','2018-06-10 16:28:10.264725'),(1754,'Vi?t H?#6924','#3607','wp-fullstack','2018-06-10 16:32:26.210344'),(1755,'Vi?t H?#6924','FINDERS][UI][Production][#433][#434][#436]L?i','wp-fullstack','2018-06-10 16:32:26.620718'),(1756,'Vi?t H?#6924','#3587','wp-fullstack','2018-06-10 16:32:27.030642'),(1757,'Happy Working Life#0000','**#','company-time-keeping','2018-06-10 17:16:00.467149'),(1758,'??c Tu?n (Tu?n)#0416','#3621[13-06-2018]','wp-fullstack','2018-06-10 19:20:49.227190'),(1759,'??c Tu?n (Tu?n)#0416','#3493[07-06-2018]','wp-fullstack','2018-06-10 19:20:49.641209'),(1760,'??c Tu?n (Tu?n)#0416','#3566[Sprint','wp-fullstack','2018-06-10 19:20:50.051111'),(1761,'Happy Working Life#0000','**#','company-time-keeping','2018-06-10 23:51:09.013856'),(1762,'Happy Working Life#0000','**#','company-time-keeping','2018-06-11 00:10:55.133822'),(1763,'BiscuitWeed (Long)#5116','#','wp-ct','2018-06-11 00:20:03.215940'),(1764,'BiscuitWeed (Long)#5116','#current','wp-ct','2018-06-11 00:20:03.625796'),(1765,'BiscuitWeed (Long)#5116','#what','wp-ct','2018-06-11 00:20:04.035764'),(1766,'Happy Working Life#0000','**#','company-time-keeping','2018-06-11 00:57:35.524389'),(1767,'Dinh Tung#7015','#3459[Sprint','mits-engineering','2018-06-11 01:25:49.293029'),(1768,'Dinh Tung#7015','(4h)\n-#3571[BUGS','mits-engineering','2018-06-11 01:25:49.705353'),(1769,'Dinh Tung#7015','FINDERS][MOBILE][#458][#459][#464]L?i','mits-engineering','2018-06-11 01:25:50.115496'),(1770,'Ni (Ngân Hà)#9542','#1958','wp-product','2018-06-11 01:26:02.895211'),(1771,'Happy Working Life#0000','**#','company-time-keeping','2018-06-11 01:27:39.158182'),(1772,'XuanDoan#4233','#1.6.','wp-sales-marketing','2018-06-11 01:29:13.568759'),(1773,'XuanDoan#4233','#1.6','wp-sales-marketing','2018-06-11 01:29:13.979824'),(1774,'VinhVinh#9407','#115Gift','wp-product','2018-06-11 01:40:44.656780'),(1775,'VinhVinh#9407','#117','wp-product','2018-06-11 01:40:45.066807'),(1776,'T? Minh#4043','#285[V5]','wp-product','2018-06-11 01:42:53.642627'),(1777,'Happy Working Life#0000','**#','company-time-keeping','2018-06-11 01:48:15.518426'),(1778,'Happy Working Life#0000','**#','company-time-keeping','2018-06-11 02:12:09.442316'),(1779,'hongphi#1714','#3582[13-06-2018]','mits-engineering','2018-06-11 02:12:21.386046'),(1780,'Nguy?n Nguyên#6062','#3557[04-06-2018]','mits-engineering','2018-06-11 02:13:34.332835'),(1781,'Nguy?n Nguyên#6062','FINDERS][BUG][Production][#428][#435][#437]Bug','mits-engineering','2018-06-11 02:13:34.743049'),(1782,'Ankita#7985','\nToday:\n#3455','mits-engineering','2018-06-11 02:22:42.975641'),(1783,'Ankita#7985','tomorrow\n#Server','mits-engineering','2018-06-11 02:22:43.386037'),(1784,'Ankita#7985','#3455','wp-backend','2018-06-11 02:25:14.026947'),(1785,'Ankita#7985','#3358','wp-backend','2018-06-11 02:25:14.437404'),(1786,'Nhut Le#0685','#Quality','wp-ct','2018-06-11 02:26:57.327587'),(1787,'Happy Working Life#0000','**#','company-time-keeping','2018-06-11 02:29:31.409804'),(1788,'Happy Working Life#0000','**#','company-time-keeping','2018-06-11 02:31:12.323642'),(1789,'Taiga Reporter#0000','[#139]Xoá','taiga','2018-06-11 02:31:24.449689'),(1790,'Taiga Reporter#0000','FINDER][#481]K?t','taiga','2018-06-11 02:31:46.911521'),(1791,'Taiga Reporter#0000','FINDERS][MOBILE][#458][#459][#464]L?i','taiga','2018-06-11 02:31:47.321583'),(1792,'Taiga Reporter#0000','FINDERS][#449][#450][#454][#455]Bug','taiga','2018-06-11 02:31:47.733164'),(1793,'Taiga Reporter#0000','[#419]','taiga','2018-06-11 02:31:48.145435'),(1794,'Taiga Reporter#0000','FINDERS][#323]L?i','taiga','2018-06-11 02:31:48.555969'),(1795,'Taiga Reporter#0000','FINDERS][#310]','taiga','2018-06-11 02:31:48.967469'),(1796,'Taiga Reporter#0000','FINDERS][#2200][#327]L?i','taiga','2018-06-11 02:31:49.377564'),(1797,'Nguy?n Nguyên#6062','#3616,','wp-fullstack','2018-06-11 02:37:44.009454'),(1798,'Nguy?n Nguyên#6062','#3619\n-','wp-fullstack','2018-06-11 02:37:44.419182'),(1799,'Happy Working Life#0000','**#','company-time-keeping','2018-06-11 02:40:38.917654'),(1800,'Happy Working Life#0000','**#','company-time-keeping','2018-06-11 02:53:21.795209'),(1801,'Happy Working Life#0000','**#','company-time-keeping','2018-06-11 02:53:45.690245'),(1802,'Happy Working Life#0000','**#','company-time-keeping','2018-06-11 02:57:50.788897'),(1803,'Happy Working Life#0000','**#','company-time-keeping','2018-06-11 03:01:17.185507'),(1804,'Happy Working Life#0000','**#','company-time-keeping','2018-06-11 03:01:54.464720'),(1805,'Happy Working Life#0000','**#','company-time-keeping','2018-06-11 03:02:16.448706'),(1806,'Happy Working Life#0000','**#','company-time-keeping','2018-06-11 03:02:43.230340'),(1807,'Happy Working Life#0000','**#','company-time-keeping','2018-06-11 03:02:49.554524'),(1808,'Happy Working Life#0000','**#','company-time-keeping','2018-06-11 03:03:01.422887'),(1809,'Happy Working Life#0000','**#','company-time-keeping','2018-06-11 03:03:50.065414'),(1810,'Happy Working Life#0000','**#','company-time-keeping','2018-06-11 03:05:17.200566'),(1811,'Happy Working Life#0000','**#','company-time-keeping','2018-06-11 03:05:41.592979'),(1812,'Cereal Killer (Nhi)#5026','#','wp-management-team','2018-06-11 03:06:56.505231'),(1813,'Cereal Killer (Nhi)#5026','#','wp-management-team','2018-06-11 03:06:56.917351'),(1814,'Cereal Killer (Nhi)#5026','#','wp-management-team','2018-06-11 03:06:57.333669'),(1815,'Fountainhead#9408','#482','bugs-finders','2018-06-11 03:42:18.556629'),(1816,'Homoske(Qu?c Du?n)#3458','https://docs.google.com/spreadsheets/d/1pZmDoHsCKtyvcApHK3KmbatuSzyrhxrI73OX-78PyYg/edit#gid=1469443804','dxg-2','2018-06-11 04:19:39.085447'),(1817,'Happy Working Life#0000','**#','company-time-keeping','2018-06-11 04:58:24.585219'),(1818,'Fountainhead#9408','#94','annoucement','2018-06-11 05:14:34.875890'),(1819,'Happy Working Life#0000','**#','company-time-keeping','2018-06-11 05:16:57.207282'),(1820,'Happy Working Life#0000','**#','company-time-keeping','2018-06-11 05:19:13.905284'),(1821,'Happy Working Life#0000','**#','company-time-keeping','2018-06-11 05:46:05.316166'),(1822,'Happy Working Life#0000','**#','company-time-keeping','2018-06-11 05:55:47.841446'),(1823,'Happy Working Life#0000','**#','company-time-keeping','2018-06-11 07:52:54.776220'),(1824,'Captain Zendesk#0000','##','zendesk-support','2018-06-11 08:44:23.595217'),(1825,'Taiga Reporter#0000','FINDERS][BETA][#467][#468][#472]](https://agile.cloudjet.solutions/project/fountainhead-cloudjet-kpi/us/3618)','taiga','2018-06-11 11:00:38.812264'),(1826,'Fountainhead#9408','#95','annoucement','2018-06-11 11:04:33.757338'),(1827,'Dinh Tung#7015','notdone\nToday:\n#3630[MOBILE][#458][#459][#464]L?i','mits-engineering','2018-06-11 22:26:06.683070'),(1828,'VinhVinh#9407','#115Gift','mits-engineering','2018-06-12 01:04:26.442688'),(1829,'Nguy?n Nguyên#6062','#3615[BUGS','mits-engineering','2018-06-12 01:05:21.693884'),(1830,'Nguy?n Nguyên#6062','FINDERS][BETA][#469][#471]Bug','mits-engineering','2018-06-12 01:05:22.104657'),(1831,'Nguy?n Nguyên#6062','#3629[Django]','mits-engineering','2018-06-12 01:05:22.515306'),(1832,'Hoàng Tùng#6725','#323[V6]','mits-engineering','2018-06-12 01:06:10.810467'),(1833,'Happy Working Life#0000','**#','company-time-keeping','2018-06-12 01:06:18.070515'),(1834,'Happy Working Life#0000','**#','company-time-keeping','2018-06-12 01:24:16.958635'),(1835,'XuanDoan#4233','#1.6','mits','2018-06-12 01:24:43.722153'),(1836,'Homoske(Qu?c Du?n)#3458','\n#','mits-engineering','2018-06-12 01:25:51.045504'),(1837,'Homoske(Qu?c Du?n)#3458','-4h\n#','mits-engineering','2018-06-12 01:25:51.457520'),(1838,'Vi?t H?#6924','#3633[URGENT]','mits-engineering','2018-06-12 01:53:11.814896'),(1839,'Vi?t H?#6924','#3607','mits-engineering','2018-06-12 01:53:12.224705'),(1840,'Vi?t H?#6924','FINDERS][UI][Production][#433][#434][#436]L?i','mits-engineering','2018-06-12 01:53:12.634835'),(1841,'hongphi#1714','#3582[13-06-2018]','mits-engineering','2018-06-12 02:12:21.212896'),(1842,'Duan Huynh#4374','#41[Vinacapital]','mits-engineering','2018-06-12 02:15:19.167228'),(1843,'hpthang88#5608','#3567[Sprint','mits-engineering','2018-06-12 02:24:42.909711'),(1844,'Happy Working Life#0000','**#','company-time-keeping','2018-06-12 02:25:52.012108'),(1845,'Ankita#7985','done\nToday:\n#Server','mits-engineering','2018-06-12 02:28:08.698127'),(1846,'Ankita#7985','3h\n#test','mits-engineering','2018-06-12 02:28:09.107750'),(1847,'Ankita#7985','3h\n#Implementation','mits-engineering','2018-06-12 02:28:09.519732'),(1848,'Taiga Reporter#0000','FINDER][#481]K?t','taiga','2018-06-12 02:31:19.194422'),(1849,'Taiga Reporter#0000','FINDERS][MOBILE][#458][#459][#464]L?i','taiga','2018-06-12 02:31:19.614351'),(1850,'Taiga Reporter#0000','FINDERS][#449][#450][#454][#455]Bug','taiga','2018-06-12 02:31:20.025871'),(1851,'Taiga Reporter#0000','[#419]','taiga','2018-06-12 02:31:20.436834'),(1852,'Taiga Reporter#0000','FINDERS][#323]L?i','taiga','2018-06-12 02:31:20.850000'),(1853,'Taiga Reporter#0000','FINDERS][#310]','taiga','2018-06-12 02:31:21.260631'),(1854,'Taiga Reporter#0000','FINDERS][#2200][#327]L?i','taiga','2018-06-12 02:31:21.671550'),(1855,'Happy Working Life#0000','**#','company-time-keeping','2018-06-12 02:32:10.027839'),(1856,'Happy Working Life#0000','**#','company-time-keeping','2018-06-12 02:51:27.414838'),(1857,'Happy Working Life#0000','**#','company-time-keeping','2018-06-12 02:58:21.803466'),(1858,'Happy Working Life#0000','**#','company-time-keeping','2018-06-12 02:58:23.755269'),(1859,'Hoàng Tùng#6725','#483','bugs-finders','2018-06-12 04:05:05.490922'),(1860,'Hoàng Tùng#6725','#484','bugs-finders','2018-06-12 04:07:16.225583'),(1861,'Hoàng Tùng#6725','#485','bugs-finders','2018-06-12 04:13:57.303596'),(1862,'Fountainhead#9408','https://forkdelta.github.io/#!/trade/0xcdff0f853c14b31ebbeea15f9d6d6d8bd318d03b-ETH','cjs-token-airdrop','2018-06-12 05:12:31.502868'),(1863,'Vivian (Vân Anh)#2559','#486','bugs-finders','2018-06-12 06:29:44.462339'),(1864,'Fountainhead#9408','https://etherscan.io/address/0x97611eFC2615490d55508f513A7fED0C08410939#tokentxns','cjs-token-airdrop','2018-06-12 08:15:14.847673'),(1865,'Fountainhead#9408','https://etherscan.io/address/0x60d529F62d258fAC1dd1B3EeA50d3d94af8C9835#tokentxns','cjs-token-airdrop','2018-06-12 08:15:33.547202'),(1866,'Fountainhead#9408','https://forkdelta.github.io/#!/trade/0xcdff0f853c14b31ebbeea15f9d6d6d8bd318d03b-ETH','cjs-token-airdrop','2018-06-12 08:16:52.632805'),(1867,'hpthang88#5608','#3592[09-06-2018]','internal-discussion','2018-06-12 09:14:45.388648');
/*!40000 ALTER TABLE `home_hashtag` ENABLE KEYS */;
UNLOCK TABLES;

--
-- Table structure for table `home_message`
--

DROP TABLE IF EXISTS `home_message`;
/*!40101 SET @saved_cs_client     = @@character_set_client */;
/*!40101 SET character_set_client = utf8 */;
CREATE TABLE `home_message` (
  `id` int(11) NOT NULL AUTO_INCREMENT,
  `user_sent` varchar(3000) CHARACTER SET utf8 DEFAULT '',
  `user_received` varchar(3000) CHARACTER SET utf8 DEFAULT '',
  `message` varchar(3000) CHARACTER SET utf8 DEFAULT '',
  `total_icon` varchar(255) DEFAULT NULL,
  `time_create` datetime(6) NOT NULL,
  `reply` varchar(3000) CHARACTER SET utf8 DEFAULT '',
  PRIMARY KEY (`id`)
) ENGINE=InnoDB AUTO_INCREMENT=330 DEFAULT CHARSET=latin1;
/*!40101 SET character_set_client = @saved_cs_client */;

--
-- Dumping data for table `home_message`
--

LOCK TABLES `home_message` WRITE;
/*!40000 ALTER TABLE `home_message` DISABLE KEYS */;
INSERT INTO `home_message` VALUES (254,'400967683459514368','314215410721488896','@hongphi#1714 mai iu ','1','2018-04-23 11:04:25.440664',NULL),(255,'326215851080679428','326559416730124290','@nhut Cảm ơn nhé ','1','2018-04-24 02:37:41.241347',NULL),(256,'400967683459514368','341775703198400512','@hpthang88#5608  Thanks anh hehe, quăng bia cho a ','1','2018-04-24 07:40:38.832079',NULL),(257,'326559416730124290','326304598467805185','flat','0','2018-04-24 09:40:10.007376',NULL),(258,'383856196676878336','326304598467805185','flat','0','2018-04-24 09:44:15.745349',NULL),(259,'383856196676878336','326215851080679428','flat','0','2018-04-24 10:16:18.528670',NULL),(260,'383856196676878336','326215851080679428','flat','0','2018-04-24 10:19:35.703301',NULL),(261,'333988889150881795','333987473426481156','@Việt Hạ#6924 thank you for support ','1','2018-04-24 10:35:13.902403',NULL),(262,'333988889150881795','314215410721488896','@hongphi#1714  cám ơn mãi iu ','1','2018-04-24 10:36:51.077259',NULL),(263,'364249887220432896','417525221378097154','flat','1','2018-04-24 10:39:49.540174',NULL),(264,'344689275595653162','383856196676878336','flat','0','2018-04-24 10:43:55.766262',NULL),(265,'405610536932343809','416155785324920832','flat','3','2018-04-26 08:57:47.322260',NULL),(266,'400967683459514368','314215410721488896','@hongphi Hehe cảm ơn anh nhều ','1','2018-04-26 10:17:12.252817',NULL),(267,'326559416730124290','325499072066748416','@Đức ','1','2018-04-26 10:18:42.122135',NULL),(268,'326559416730124290','383856196676878336','','0','2018-05-02 07:39:41.510236','test '),(269,'326559416730124290','267818098977931266','','0','2018-05-02 07:40:18.720889',NULL),(270,'326559416730124290','267818098977931266','@Thiên  abc test test gửi bia ','1','2018-05-02 09:43:07.703335',NULL),(271,'326559416730124290','267818098977931266','@Thiên  abc test test gửi bia https://docs.google.com/document/d/12PSAKQmb6qtAEk7PS0MPeXI-yORnLVHtunSH9Kn9Bc8/edit  ','1','2018-05-02 09:46:49.318525',NULL),(272,'326559416730124290','349852792342708227','flat','0','2018-05-02 09:48:31.392513',NULL),(273,'326559416730124290','349852792342708227','@3690 Let celebrate action of dedication within our company. I want to give  ','1','2018-05-02 09:52:32.292162',NULL),(274,'295902965578072074','349852792342708227','@3690 Let celebrate action of dedication within our company. I want to give  ','1','2018-05-02 09:53:33.835179',NULL),(275,'405610536932343809','416155785324920832','','0','2018-05-02 10:07:43.200273',NULL),(276,'405610536932343809','416155785324920832','flat','0','2018-05-02 10:12:39.842658',NULL),(277,'405610536932343809','416155785324920832','flat','0','2018-05-02 10:19:40.380843',NULL),(278,'405610536932343809','416155785324920832','/seek ','0','2018-05-02 10:24:19.733269',NULL),(279,'405610536932343809','416155785324920832','/seek ','0','2018-05-02 10:25:22.254389',NULL),(280,'405610536932343809','416155785324920832','/seek ','0','2018-05-02 10:27:56.164561',NULL),(281,'405610536932343809','416155785324920832','/seek ','0','2018-05-02 10:29:47.007585',NULL),(282,'405610536932343809','416155785324920832','/seek @pham ','0','2018-05-02 10:30:49.420326',NULL),(283,'405610536932343809','416155785324920832','/seek @pham ','0','2018-05-02 10:31:47.126316',NULL),(284,'381992830391943188','417525221378097154','flat','0','2018-05-02 15:34:36.838884',NULL),(285,'326559416730124290','267818098977931266','flat','0','2018-05-03 03:42:10.594294',NULL),(286,'326211587398565889','295902965578072074','@BiscuitWeed Thank you for your sincere feedback to the C&T team.Looking forward to next challenge quiz . ','3','2018-05-03 05:51:56.700052',NULL),(287,'326559416730124290','383856196676878336','flat','0','2018-05-04 05:21:43.784375',NULL),(288,'405610536932343809','416155785324920832','flat','0','2018-05-04 05:37:14.518938',NULL),(289,'405610536932343809','416155785324920832','flat','0','2018-05-04 05:48:03.368289',NULL),(290,'405610536932343809','416155785324920832','@pham sao the ','1','2018-05-04 05:51:37.268720',NULL),(291,'326559416730124290','267818098977931266','@Thiên Thank you for helping me out with the zendesk report in last minutes ','1','2018-05-04 06:33:03.689099',NULL),(292,'326559416730124290','417525221378097154','@6468  Cám ơn chị Min cung cấp thông tin bổ ích hahahehe ','1','2018-05-04 06:34:41.995267',NULL),(293,'326559416730124290','381992830391943188','@Vivian sinh tố  on me ','1','2018-05-04 06:35:54.765511',NULL),(294,'325185007620718592','417525221378097154','@6468 Thanks Min Min for testing my survey - from Bà Bầu with love ','1','2018-05-04 09:06:10.022989',NULL),(295,'364249887220432896','324501406419779594','flat','0','2018-05-05 16:11:37.867816',NULL),(296,'364249887220432896','314215410721488896','flat','1','2018-05-07 09:16:25.286623',NULL),(297,'364249887220432896','325183680853049344','flat','1','2018-05-07 09:16:37.650469',NULL),(298,'364249887220432896','341775703198400512','flat','1','2018-05-07 09:16:45.080013',NULL),(299,'326559416730124290','417525221378097154','@6468 chả cá ngon quá ','1','2018-05-07 09:25:05.102426',NULL),(300,'326559416730124290','267818098977931266','flat','0','2018-05-08 04:37:52.478042',NULL),(301,'341775703198400512','333988889150881795','@Dinh ','1','2018-05-10 02:31:12.912567',NULL),(302,'417525221378097154','326559416730124290','howw arre you ','0','2018-05-10 06:21:42.018167','I\'m fine '),(303,'325183386471628810','324501406419779594','flat','1','2018-05-10 08:17:47.934745',NULL),(304,'325183386471628810','325183680853049344','flat','1','2018-05-10 08:26:22.147177',NULL),(305,'325183386471628810','314215410721488896','flat','1','2018-05-10 08:29:56.905943',NULL),(306,'405610536932343809','416155785324920832','buon ko ','0','2018-05-11 03:07:28.419289',NULL),(307,'405610536932343809','416155785324920832','buon ko ','0','2018-05-11 03:08:45.839106',NULL),(308,'405610536932343809','416155785324920832','buon ko ','0','2018-05-11 03:09:24.388377',NULL),(309,'381992830391943188','423473593788137473','@Gia Uyen#4066 ','1','2018-05-11 14:58:57.806792',NULL),(310,'381992830391943188','267818098977931266','flat','1','2018-05-11 15:01:28.428023',NULL),(311,'405610536932343809','416155785324920832','flat','4','2018-05-16 01:28:28.588624',NULL),(312,'295902965578072074','326559416730124290','flat','3','2018-05-23 09:10:54.311118',NULL),(313,'383856196676878336','445878504760803338','flat','0','2018-06-01 03:28:59.263139',NULL),(314,'383856196676878336','440327369216229377','flat','0','2018-06-01 04:40:57.180769',NULL),(315,'440327369216229377','445878504760803338','flat','0','2018-06-01 06:03:28.359783',NULL),(316,'400967683459514368','267818098977931266','@Thiên Toán#0591  Quăng bia ','1','2018-06-04 11:24:47.076398',NULL),(317,'295902965578072074','267818098977931266','flat','2','2018-06-06 03:14:31.954971',NULL),(318,'295902965578072074','440327369216229377','flat','2','2018-06-06 03:17:45.150597',NULL),(319,'295902965578072074','325499072066748416','flat','2','2018-06-06 03:18:52.878250',NULL),(320,'326211587398565889','397757516697829389','@Tử Thank you for your dedication on the KPI LIB wireframe.  Ráng thức thêm vài hôm cho xong em nhé ahihi ','3','2018-06-08 01:52:11.019369',NULL),(321,'326211587398565889','440327369216229377','@Ni (Ngân Hà)#9542  Chị khá thích wireframe to do list của em demo. Keep it up nha em ','2','2018-06-08 01:54:59.246452',NULL),(322,'349852792342708227','439222639622356992','@xuandoan Thanks for your great effort in past few days to make the workshop 119 happened. Keep moving on ','1','2018-06-08 05:33:22.622423',NULL),(323,'349852792342708227','445995473610735618','thanks @wondermama (Thuận) @vinhvinh to support marketing\'s request urgently ','2','2018-06-08 05:35:59.444341',NULL),(324,'349852792342708227','445995473610735618','thanks @wondermama @vinhvinh to support marketing\'s request urgently ','2','2018-06-08 05:37:14.004650',NULL),(325,'295902965578072074','326910657276542977','flat','2','2018-06-08 06:10:23.278368',NULL),(326,'349852792342708227','344689275595653162','<@344689275595653162> welcome em về đội của chị. Chị sẽ dẫn em đi uống ','1','2018-06-08 06:49:13.953985',NULL),(327,'326211587398565889','439222639622356992','@Xuan Workshop đầu tiên của em, hơi vất vả nhưng cuối cũng cũng được hơn 20 học viên. Cố gắng lên nhé ','1','2018-06-08 07:35:01.957770',NULL),(328,'333988889150881795','314215410721488896','@@hongphi#1714  ','1','2018-06-11 11:11:07.029701',NULL),(329,'364249887220432896','341775703198400512','@hpthang88 Thank for your contribution on improving performance of KPI Editor ','3','2018-06-11 16:51:08.524279',NULL);
/*!40000 ALTER TABLE `home_message` ENABLE KEYS */;
UNLOCK TABLES;

--
-- Table structure for table `home_user`
--

DROP TABLE IF EXISTS `home_user`;
/*!40101 SET @saved_cs_client     = @@character_set_client */;
/*!40101 SET character_set_client = utf8 */;
CREATE TABLE `home_user` (
  `id` int(11) NOT NULL AUTO_INCREMENT,
  `id_discord` varchar(255) DEFAULT NULL,
  `user_name` varchar(255) DEFAULT NULL,
  `time_create` datetime(6) NOT NULL,
  PRIMARY KEY (`id`)
) ENGINE=InnoDB AUTO_INCREMENT=85 DEFAULT CHARSET=latin1;
/*!40101 SET character_set_client = @saved_cs_client */;

--
-- Dumping data for table `home_user`
--

LOCK TABLES `home_user` WRITE;
/*!40000 ALTER TABLE `home_user` DISABLE KEYS */;
INSERT INTO `home_user` VALUES (41,'403736544193675264','ha-team','2018-04-12 06:24:52.815782'),(42,'416078004263976960','ha-team','2018-04-12 06:24:52.819242'),(43,'426722098543853569','ha-team','2018-04-12 06:24:52.825030'),(44,'405610536932343809','Feedback','2018-04-12 06:24:52.828579'),(45,'416155785324920832','Feedback','2018-04-12 06:24:52.832637'),(46,'418650627393191956','An','2018-04-12 06:24:52.838652'),(47,'420797886121377812','An','2018-04-12 06:24:52.842061'),(48,'267818098977931266','FEEDBACK GIFT','2018-04-12 06:24:52.845396'),(49,'295902965578072074','FEEDBACK GIFT','2018-04-12 06:24:52.848632'),(50,'324501406419779594','FEEDBACK GIFT','2018-04-12 06:24:52.851764'),(51,'325185007620718592','FEEDBACK GIFT','2018-04-12 06:24:52.853648'),(52,'326211587398565889','FEEDBACK GIFT','2018-04-12 06:24:52.856816'),(53,'326215851080679428','FEEDBACK GIFT','2018-04-12 06:24:52.859889'),(54,'326220437279473665','FEEDBACK GIFT','2018-04-12 06:24:52.861723'),(55,'326304598467805185','FEEDBACK GIFT','2018-04-12 06:24:52.864924'),(56,'326559416730124290','FEEDBACK GIFT','2018-04-12 06:24:52.868057'),(57,'364249887220432896','FEEDBACK GIFT','2018-04-12 06:24:52.869969'),(58,'417525221378097154','FEEDBACK GIFT','2018-04-12 06:24:52.874581'),(59,'423473593788137473','FEEDBACK GIFT','2018-04-12 06:24:52.877944'),(60,'435410051788963840','Feedback','2018-04-17 00:02:07.749432'),(61,'314215410721488896','Cloudjet Solutions','2018-04-18 02:15:44.568824'),(62,'325183386471628810','Cloudjet Solutions','2018-04-18 02:15:44.572942'),(63,'325183478767419392','Cloudjet Solutions','2018-04-18 02:15:44.576104'),(64,'325183680853049344','Cloudjet Solutions','2018-04-18 02:15:44.580813'),(65,'325499072066748416','Cloudjet Solutions','2018-04-18 02:15:44.584579'),(66,'326210594871050240','Cloudjet Solutions','2018-04-18 02:15:44.587950'),(67,'326910657276542977','Cloudjet Solutions','2018-04-18 02:15:44.593630'),(68,'333987473426481156','Cloudjet Solutions','2018-04-18 02:15:44.596825'),(69,'333988889150881795','Cloudjet Solutions','2018-04-18 02:15:44.600224'),(70,'334042718844092418','Cloudjet Solutions','2018-04-18 02:15:44.602100'),(71,'336353002288054274','Cloudjet Solutions','2018-04-18 02:15:44.605489'),(72,'341775703198400512','Cloudjet Solutions','2018-04-18 02:15:44.608889'),(73,'344689275595653162','Cloudjet Solutions','2018-04-18 02:15:44.612142'),(74,'349852792342708227','Cloudjet Solutions','2018-04-18 02:15:44.614081'),(75,'381992830391943188','Cloudjet Solutions','2018-04-18 02:15:44.618169'),(76,'383856196676878336','Cloudjet Solutions','2018-04-18 02:15:44.622640'),(77,'397757516697829389','Cloudjet Solutions','2018-04-18 02:15:44.625880'),(78,'400967683459514368','Cloudjet Solutions','2018-04-18 02:15:44.629003'),(79,'430218894704115734','Cloudjet Solutions','2018-04-18 02:15:44.633789'),(80,'439222639622356992','Cloudjet Solutions','2018-04-27 04:02:21.852622'),(81,'440327369216229377','Cloudjet Solutions','2018-05-04 05:38:38.949490'),(82,'445878504760803338','Cloudjet Solutions','2018-05-17 19:06:45.509555'),(83,'445995473610735618','Cloudjet Solutions','2018-05-17 19:06:45.522649'),(84,'450505319144226817','Cloudjet Solutions','2018-05-30 10:32:18.126987');
/*!40000 ALTER TABLE `home_user` ENABLE KEYS */;
UNLOCK TABLES;
/*!40103 SET TIME_ZONE=@OLD_TIME_ZONE */;

/*!40101 SET SQL_MODE=@OLD_SQL_MODE */;
/*!40014 SET FOREIGN_KEY_CHECKS=@OLD_FOREIGN_KEY_CHECKS */;
/*!40014 SET UNIQUE_CHECKS=@OLD_UNIQUE_CHECKS */;
/*!40101 SET CHARACTER_SET_CLIENT=@OLD_CHARACTER_SET_CLIENT */;
/*!40101 SET CHARACTER_SET_RESULTS=@OLD_CHARACTER_SET_RESULTS */;
/*!40101 SET COLLATION_CONNECTION=@OLD_COLLATION_CONNECTION */;
/*!40111 SET SQL_NOTES=@OLD_SQL_NOTES */;

-- Dump completed on 2018-06-12  9:59:32
